Prog,n,nbThread,timeDebut,timeEnd,duration
Integral,2,1,1485210330,1485210335,5
Integral,2,2,1485210335,1485210343,8
Integral,2,3,1485210343,1485210351,8
Integral,2,4,1485210351,1485210359,8
Integral,2,5,1485210359,1485210367,8
Integral,2,6,1485210367,1485210375,8
Integral,2,7,1485210375,1485210383,8
Integral,2,8,1485210383,1485210391,8
Integral,2,9,1485210391,1485210399,8
Integral,2,10,1485210399,1485210407,8
Integral,2,11,1485210407,1485210415,8
Integral,2,12,1485210415,1485210423,8
Integral,2,13,1485210423,1485210431,8
Integral,2,14,1485210431,1485210439,8
Integral,2,15,1485210439,1485210447,8
Integral,2,16,1485210447,1485210455,8
Integral,2,1,1485210455,1485210463,8
Integral,2,2,1485210463,1485210470,7
Integral,2,3,1485210470,1485210478,8
Integral,2,4,1485210478,1485210487,9
Integral,2,5,1485210487,1485210494,7
Integral,2,6,1485210494,1485210502,8
Integral,2,7,1485210502,1485210510,8
Integral,2,8,1485210510,1485210518,8
Integral,2,9,1485210518,1485210526,8
Integral,2,10,1485210526,1485210534,8
Integral,2,11,1485210534,1485210542,8
Integral,2,12,1485210542,1485210550,8
Integral,2,13,1485210550,1485210558,8
Integral,2,14,1485210558,1485210566,8
Integral,2,15,1485210566,1485210575,9
Integral,2,16,1485210575,1485210583,8
Integral,2,1,1485210583,1485210590,7
Integral,2,2,1485210590,1485210599,9
Integral,2,3,1485210599,1485210607,8
Integral,2,4,1485210607,1485210615,8
Integral,2,5,1485210615,1485210623,8
Integral,2,6,1485210623,1485210631,8
Integral,2,7,1485210631,1485210639,8
Integral,2,8,1485210639,1485210647,8
Integral,2,9,1485210647,1485210655,8
Integral,2,10,1485210655,1485210663,8
Integral,2,11,1485210663,1485210671,8
Integral,2,12,1485210671,1485210679,8
Integral,2,13,1485210679,1485210687,8
Integral,2,14,1485210687,1485210695,8
Integral,2,15,1485210695,1485210703,8
Integral,2,16,1485210703,1485210711,8
Integral,2,1,1485210711,1485210719,8
Integral,2,2,1485210719,1485210727,8
Integral,2,3,1485210727,1485210735,8
Integral,2,4,1485210735,1485210743,8
Integral,2,5,1485210743,1485210751,8
Integral,2,6,1485210751,1485210759,8
Integral,2,7,1485210759,1485210767,8
Integral,2,8,1485210767,1485210774,7
Integral,2,9,1485210774,1485210783,9
Integral,2,10,1485210783,1485210791,8
Integral,2,11,1485210791,1485210799,8
Integral,2,12,1485210799,1485210807,8
Integral,2,13,1485210807,1485210814,7
Integral,2,14,1485210814,1485210822,8
Integral,2,15,1485210822,1485210830,8
Integral,2,16,1485210830,1485210838,8
Integral,2,1,1485210838,1485210846,8
Integral,2,2,1485210846,1485210854,8
Integral,2,3,1485210854,1485210862,8
Integral,2,4,1485210862,1485210870,8
Integral,2,5,1485210870,1485210878,8
Integral,2,6,1485210878,1485210886,8
Integral,2,7,1485210886,1485210894,8
Integral,2,8,1485210894,1485210902,8
Integral,2,9,1485210902,1485210910,8
Integral,2,10,1485210910,1485210918,8
Integral,2,11,1485210918,1485210926,8
Integral,2,12,1485210926,1485210934,8
Integral,2,13,1485210934,1485210942,8
Integral,2,14,1485210942,1485210950,8
Integral,2,15,1485210950,1485210958,8
Integral,2,16,1485210958,1485210966,8
Integral,4,1,1485210966,1485210974,8
Integral,4,2,1485210974,1485210982,8
Integral,4,3,1485210982,1485210990,8
Integral,4,4,1485210990,1485210998,8
Integral,4,5,1485210998,1485211006,8
Integral,4,6,1485211006,1485211014,8
Integral,4,7,1485211014,1485211022,8
Integral,4,8,1485211022,1485211031,9
Integral,4,9,1485211031,1485211038,7
Integral,4,10,1485211038,1485211046,8
Integral,4,11,1485211046,1485211054,8
Integral,4,12,1485211054,1485211062,8
Integral,4,13,1485211062,1485211070,8
Integral,4,14,1485211070,1485211078,8
Integral,4,15,1485211078,1485211087,9
Integral,4,16,1485211087,1485211095,8
Integral,4,1,1485211095,1485211103,8
Integral,4,2,1485211103,1485211110,7
Integral,4,3,1485211110,1485211118,8
Integral,4,4,1485211118,1485211126,8
Integral,4,5,1485211126,1485211134,8
Integral,4,6,1485211134,1485211143,9
Integral,4,7,1485211143,1485211151,8
Integral,4,8,1485211151,1485211159,8
Integral,4,9,1485211159,1485211167,8
Integral,4,10,1485211167,1485211175,8
Integral,4,11,1485211175,1485211183,8
Integral,4,12,1485211183,1485211191,8
Integral,4,13,1485211191,1485211199,8
Integral,4,14,1485211199,1485211207,8
Integral,4,15,1485211207,1485211216,9
Integral,4,16,1485211216,1485211224,8
Integral,4,1,1485211224,1485211231,7
Integral,4,2,1485211231,1485211239,8
Integral,4,3,1485211239,1485211247,8
Integral,4,4,1485211247,1485211255,8
Integral,4,5,1485211255,1485211264,9
Integral,4,6,1485211264,1485211272,8
Integral,4,7,1485211272,1485211280,8
Integral,4,8,1485211280,1485211288,8
Integral,4,9,1485211288,1485211296,8
Integral,4,10,1485211296,1485211304,8
Integral,4,11,1485211304,1485211312,8
Integral,4,12,1485211312,1485211319,7
Integral,4,13,1485211319,1485211328,9
Integral,4,14,1485211328,1485211336,8
Integral,4,15,1485211336,1485211344,8
Integral,4,16,1485211344,1485211352,8
Integral,4,1,1485211352,1485211359,7
Integral,4,2,1485211359,1485211368,9
Integral,4,3,1485211368,1485211375,7
Integral,4,4,1485211375,1485211384,9
Integral,4,5,1485211384,1485211392,8
Integral,4,6,1485211392,1485211400,8
Integral,4,7,1485211400,1485211408,8
Integral,4,8,1485211408,1485211416,8
Integral,4,9,1485211416,1485211424,8
Integral,4,10,1485211424,1485211432,8
Integral,4,11,1485211432,1485211440,8
Integral,4,12,1485211440,1485211448,8
Integral,4,13,1485211448,1485211456,8
Integral,4,14,1485211456,1485211464,8
Integral,4,15,1485211464,1485211472,8
Integral,4,16,1485211472,1485211480,8
Integral,4,1,1485211480,1485211488,8
Integral,4,2,1485211488,1485211496,8
Integral,4,3,1485211496,1485211505,9
Integral,4,4,1485211505,1485211513,8
Integral,4,5,1485211513,1485211521,8
Integral,4,6,1485211521,1485211529,8
Integral,4,7,1485211529,1485211538,9
Integral,4,8,1485211538,1485211545,7
Integral,4,9,1485211545,1485211553,8
Integral,4,10,1485211553,1485211561,8
Integral,4,11,1485211561,1485211569,8
Integral,4,12,1485211569,1485211577,8
Integral,4,13,1485211577,1485211585,8
Integral,4,14,1485211585,1485211593,8
Integral,4,15,1485211593,1485211601,8
Integral,4,16,1485211601,1485211609,8
Integral,8,1,1485211609,1485211617,8
Integral,8,2,1485211617,1485211626,9
Integral,8,3,1485211626,1485211634,8
Integral,8,4,1485211634,1485211642,8
Integral,8,5,1485211642,1485211650,8
Integral,8,6,1485211650,1485211658,8
Integral,8,7,1485211658,1485211666,8
Integral,8,8,1485211666,1485211674,8
Integral,8,9,1485211674,1485211683,9
Integral,8,10,1485211683,1485211691,8
Integral,8,11,1485211691,1485211699,8
Integral,8,12,1485211699,1485211707,8
Integral,8,13,1485211707,1485211715,8
Integral,8,14,1485211715,1485211723,8
Integral,8,15,1485211723,1485211731,8
Integral,8,16,1485211731,1485211739,8
Integral,8,1,1485211739,1485211748,9
Integral,8,2,1485211748,1485211756,8
Integral,8,3,1485211756,1485211764,8
Integral,8,4,1485211764,1485211772,8
Integral,8,5,1485211772,1485211780,8
Integral,8,6,1485211780,1485211788,8
Integral,8,7,1485211788,1485211796,8
Integral,8,8,1485211796,1485211805,9
Integral,8,9,1485211805,1485211813,8
Integral,8,10,1485211813,1485211821,8
Integral,8,11,1485211821,1485211829,8
Integral,8,12,1485211829,1485211838,9
Integral,8,13,1485211838,1485211846,8
Integral,8,14,1485211846,1485211854,8
Integral,8,15,1485211854,1485211862,8
Integral,8,16,1485211862,1485211871,9
Integral,8,1,1485211871,1485211879,8
Integral,8,2,1485211879,1485211887,8
Integral,8,3,1485211887,1485211895,8
Integral,8,4,1485211895,1485211903,8
Integral,8,5,1485211903,1485211911,8
Integral,8,6,1485211911,1485211919,8
Integral,8,7,1485211919,1485211927,8
Integral,8,8,1485211927,1485211935,8
Integral,8,9,1485211935,1485211943,8
Integral,8,10,1485211943,1485211952,9
Integral,8,11,1485211952,1485211960,8
Integral,8,12,1485211960,1485211968,8
Integral,8,13,1485211968,1485211976,8
Integral,8,14,1485211976,1485211984,8
Integral,8,15,1485211984,1485211992,8
Integral,8,16,1485211992,1485212000,8
Integral,8,1,1485212000,1485212009,9
Integral,8,2,1485212009,1485212017,8
Integral,8,3,1485212017,1485212025,8
Integral,8,4,1485212025,1485212033,8
Integral,8,5,1485212033,1485212041,8
Integral,8,6,1485212041,1485212050,9
Integral,8,7,1485212050,1485212058,8
Integral,8,8,1485212058,1485212066,8
Integral,8,9,1485212066,1485212074,8
Integral,8,10,1485212074,1485212082,8
Integral,8,11,1485212082,1485212090,8
Integral,8,12,1485212090,1485212098,8
Integral,8,13,1485212098,1485212107,9
Integral,8,14,1485212107,1485212115,8
Integral,8,15,1485212115,1485212123,8
Integral,8,16,1485212123,1485212131,8
Integral,8,1,1485212131,1485212139,8
Integral,8,2,1485212139,1485212147,8
Integral,8,3,1485212147,1485212155,8
Integral,8,4,1485212155,1485212164,9
Integral,8,5,1485212164,1485212172,8
Integral,8,6,1485212172,1485212180,8
Integral,8,7,1485212180,1485212188,8
Integral,8,8,1485212188,1485212196,8
Integral,8,9,1485212196,1485212205,9
Integral,8,10,1485212205,1485212213,8
Integral,8,11,1485212213,1485212221,8
Integral,8,12,1485212221,1485212230,9
Integral,8,13,1485212230,1485212238,8
Integral,8,14,1485212238,1485212246,8
Integral,8,15,1485212246,1485212254,8
Integral,8,16,1485212254,1485212262,8
Integral,16,1,1485212262,1485212270,8
Integral,16,2,1485212270,1485212278,8
Integral,16,3,1485212278,1485212287,9
Integral,16,4,1485212287,1485212295,8
Integral,16,5,1485212295,1485212303,8
Integral,16,6,1485212303,1485212311,8
Integral,16,7,1485212311,1485212319,8
Integral,16,8,1485212319,1485212327,8
Integral,16,9,1485212327,1485212335,8
Integral,16,10,1485212335,1485212343,8
Integral,16,11,1485212343,1485212351,8
Integral,16,12,1485212351,1485212359,8
Integral,16,13,1485212359,1485212367,8
Integral,16,14,1485212367,1485212375,8
Integral,16,15,1485212375,1485212383,8
Integral,16,16,1485212383,1485212391,8
Integral,16,1,1485212391,1485212399,8
Integral,16,2,1485212399,1485212410,11
Integral,16,3,1485212410,1485212418,8
Integral,16,4,1485212418,1485212426,8
Integral,16,5,1485212426,1485212434,8
Integral,16,6,1485212434,1485212442,8
Integral,16,7,1485212442,1485212450,8
Integral,16,8,1485212450,1485212458,8
Integral,16,9,1485212458,1485212466,8
Integral,16,10,1485212466,1485212474,8
Integral,16,11,1485212474,1485212483,9
Integral,16,12,1485212483,1485212491,8
Integral,16,13,1485212491,1485212499,8
Integral,16,14,1485212499,1485212507,8
Integral,16,15,1485212507,1485212515,8
Integral,16,16,1485212515,1485212524,9
Integral,16,1,1485212524,1485212533,9
Integral,16,2,1485212533,1485212541,8
Integral,16,3,1485212541,1485212549,8
Integral,16,4,1485212549,1485212557,8
Integral,16,5,1485212557,1485212565,8
Integral,16,6,1485212565,1485212573,8
Integral,16,7,1485212573,1485212581,8
Integral,16,8,1485212581,1485212589,8
Integral,16,9,1485212589,1485212597,8
Integral,16,10,1485212597,1485212605,8
Integral,16,11,1485212605,1485212613,8
Integral,16,12,1485212613,1485212621,8
Integral,16,13,1485212621,1485212629,8
Integral,16,14,1485212629,1485212637,8
Integral,16,15,1485212637,1485212645,8
Integral,16,16,1485212645,1485212653,8
Integral,16,1,1485212653,1485212661,8
Integral,16,2,1485212661,1485212669,8
Integral,16,3,1485212669,1485212677,8
Integral,16,4,1485212677,1485212685,8
Integral,16,5,1485212685,1485212693,8
Integral,16,6,1485212693,1485212701,8
Integral,16,7,1485212701,1485212710,9
Integral,16,8,1485212710,1485212718,8
Integral,16,9,1485212718,1485212726,8
Integral,16,10,1485212726,1485212734,8
Integral,16,11,1485212734,1485212742,8
Integral,16,12,1485212742,1485212750,8
Integral,16,13,1485212750,1485212758,8
Integral,16,14,1485212758,1485212766,8
Integral,16,15,1485212766,1485212774,8
Integral,16,16,1485212774,1485212782,8
Integral,16,1,1485212782,1485212790,8
Integral,16,2,1485212790,1485212798,8
Integral,16,3,1485212798,1485212806,8
Integral,16,4,1485212806,1485212814,8
Integral,16,5,1485212814,1485212822,8
Integral,16,6,1485212822,1485212830,8
Integral,16,7,1485212830,1485212838,8
Integral,16,8,1485212838,1485212846,8
Integral,16,9,1485212846,1485212854,8
Integral,16,10,1485212854,1485212862,8
Integral,16,11,1485212862,1485212870,8
Integral,16,12,1485212870,1485212878,8
Integral,16,13,1485212878,1485212886,8
Integral,16,14,1485212886,1485212894,8
Integral,16,15,1485212894,1485212902,8
Integral,16,16,1485212902,1485212910,8
Integral,32,1,1485212910,1485212918,8
Integral,32,2,1485212918,1485212927,9
Integral,32,3,1485212927,1485212935,8
Integral,32,4,1485212935,1485212943,8
Integral,32,5,1485212943,1485212951,8
Integral,32,6,1485212951,1485212960,9
Integral,32,7,1485212960,1485212968,8
Integral,32,8,1485212968,1485212976,8
Integral,32,9,1485212976,1485212984,8
Integral,32,10,1485212984,1485212992,8
Integral,32,11,1485212992,1485213000,8
Integral,32,12,1485213000,1485213009,9
Integral,32,13,1485213009,1485213017,8
Integral,32,14,1485213017,1485213025,8
Integral,32,15,1485213025,1485213032,7
Integral,32,16,1485213032,1485213040,8
Integral,32,1,1485213040,1485213049,9
Integral,32,2,1485213049,1485213057,8
Integral,32,3,1485213057,1485213065,8
Integral,32,4,1485213065,1485213073,8
Integral,32,5,1485213073,1485213081,8
Integral,32,6,1485213081,1485213089,8
Integral,32,7,1485213089,1485213097,8
Integral,32,8,1485213097,1485213105,8
Integral,32,9,1485213105,1485213113,8
Integral,32,10,1485213113,1485213122,9
Integral,32,11,1485213122,1485213130,8
Integral,32,12,1485213130,1485213138,8
Integral,32,13,1485213138,1485213146,8
Integral,32,14,1485213146,1485213154,8
Integral,32,15,1485213154,1485213162,8
Integral,32,16,1485213162,1485213170,8
Integral,32,1,1485213170,1485213178,8
Integral,32,2,1485213178,1485213186,8
Integral,32,3,1485213186,1485213194,8
Integral,32,4,1485213194,1485213202,8
Integral,32,5,1485213202,1485213210,8
Integral,32,6,1485213210,1485213218,8
Integral,32,7,1485213218,1485213226,8
Integral,32,8,1485213226,1485213234,8
Integral,32,9,1485213234,1485213243,9
Integral,32,10,1485213243,1485213251,8
Integral,32,11,1485213251,1485213259,8
Integral,32,12,1485213259,1485213268,9
Integral,32,13,1485213268,1485213275,7
Integral,32,14,1485213275,1485213283,8
Integral,32,15,1485213283,1485213291,8
Integral,32,16,1485213291,1485213299,8
Integral,32,1,1485213299,1485213307,8
Integral,32,2,1485213307,1485213315,8
Integral,32,3,1485213315,1485213323,8
Integral,32,4,1485213323,1485213331,8
Integral,32,5,1485213331,1485213339,8
Integral,32,6,1485213339,1485213347,8
Integral,32,7,1485213347,1485213355,8
Integral,32,8,1485213355,1485213363,8
Integral,32,9,1485213363,1485213371,8
Integral,32,10,1485213371,1485213379,8
Integral,32,11,1485213379,1485213387,8
Integral,32,12,1485213387,1485213395,8
Integral,32,13,1485213395,1485213403,8
Integral,32,14,1485213403,1485213411,8
Integral,32,15,1485213411,1485213419,8
Integral,32,16,1485213419,1485213427,8
Integral,32,1,1485213427,1485213435,8
Integral,32,2,1485213435,1485213443,8
Integral,32,3,1485213443,1485213451,8
Integral,32,4,1485213451,1485213459,8
Integral,32,5,1485213459,1485213467,8
Integral,32,6,1485213467,1485213475,8
Integral,32,7,1485213475,1485213484,9
Integral,32,8,1485213484,1485213492,8
Integral,32,9,1485213492,1485213500,8
Integral,32,10,1485213500,1485213508,8
Integral,32,11,1485213508,1485213516,8
Integral,32,12,1485213516,1485213524,8
Integral,32,13,1485213524,1485213532,8
Integral,32,14,1485213532,1485213540,8
Integral,32,15,1485213540,1485213548,8
Integral,32,16,1485213548,1485213556,8
Integral,64,1,1485213556,1485213563,7
Integral,64,2,1485213563,1485213571,8
Integral,64,3,1485213571,1485213579,8
Integral,64,4,1485213579,1485213587,8
Integral,64,5,1485213587,1485213595,8
Integral,64,6,1485213595,1485213604,9
Integral,64,7,1485213604,1485213612,8
Integral,64,8,1485213612,1485213620,8
Integral,64,9,1485213620,1485213628,8
Integral,64,10,1485213628,1485213636,8
Integral,64,11,1485213636,1485213643,7
Integral,64,12,1485213643,1485213651,8
Integral,64,13,1485213651,1485213659,8
Integral,64,14,1485213659,1485213667,8
Integral,64,15,1485213667,1485213675,8
Integral,64,16,1485213675,1485213683,8
Integral,64,1,1485213683,1485213691,8
Integral,64,2,1485213691,1485213699,8
Integral,64,3,1485213699,1485213706,7
Integral,64,4,1485213706,1485213714,8
Integral,64,5,1485213714,1485213722,8
Integral,64,6,1485213722,1485213730,8
Integral,64,7,1485213730,1485213738,8
Integral,64,8,1485213738,1485213746,8
Integral,64,9,1485213746,1485213754,8
Integral,64,10,1485213754,1485213762,8
Integral,64,11,1485213762,1485213769,7
Integral,64,12,1485213769,1485213777,8
Integral,64,13,1485213777,1485213785,8
Integral,64,14,1485213785,1485213793,8
Integral,64,15,1485213793,1485213801,8
Integral,64,16,1485213801,1485213809,8
Integral,64,1,1485213809,1485213817,8
Integral,64,2,1485213817,1485213825,8
Integral,64,3,1485213825,1485213833,8
Integral,64,4,1485213833,1485213841,8
Integral,64,5,1485213841,1485213849,8
Integral,64,6,1485213849,1485213857,8
Integral,64,7,1485213857,1485213865,8
Integral,64,8,1485213865,1485213873,8
Integral,64,9,1485213873,1485213881,8
Integral,64,10,1485213881,1485213889,8
Integral,64,11,1485213889,1485213897,8
Integral,64,12,1485213897,1485213905,8
Integral,64,13,1485213905,1485213913,8
Integral,64,14,1485213913,1485213921,8
Integral,64,15,1485213921,1485213929,8
Integral,64,16,1485213929,1485213937,8
Integral,64,1,1485213937,1485213945,8
Integral,64,2,1485213945,1485213952,7
Integral,64,3,1485213952,1485213960,8
Integral,64,4,1485213960,1485213968,8
Integral,64,5,1485213968,1485213976,8
Integral,64,6,1485213976,1485213984,8
Integral,64,7,1485213984,1485213992,8
Integral,64,8,1485213992,1485214000,8
Integral,64,9,1485214000,1485214008,8
Integral,64,10,1485214008,1485214016,8
Integral,64,11,1485214016,1485214024,8
Integral,64,12,1485214024,1485214032,8
Integral,64,13,1485214032,1485214040,8
Integral,64,14,1485214040,1485214048,8
Integral,64,15,1485214048,1485214056,8
Integral,64,16,1485214056,1485214064,8
Integral,64,1,1485214064,1485214072,8
Integral,64,2,1485214072,1485214080,8
Integral,64,3,1485214080,1485214088,8
Integral,64,4,1485214088,1485214096,8
Integral,64,5,1485214096,1485214104,8
Integral,64,6,1485214104,1485214112,8
Integral,64,7,1485214112,1485214120,8
Integral,64,8,1485214120,1485214128,8
Integral,64,9,1485214128,1485214136,8
Integral,64,10,1485214136,1485214144,8
Integral,64,11,1485214144,1485214152,8
Integral,64,12,1485214152,1485214160,8
Integral,64,13,1485214160,1485214168,8
Integral,64,14,1485214168,1485214177,9
Integral,64,15,1485214177,1485214185,8
Integral,64,16,1485214185,1485214192,7
Integral,128,1,1485214192,1485214200,8
Integral,128,2,1485214200,1485214209,9
Integral,128,3,1485214209,1485214217,8
Integral,128,4,1485214217,1485214225,8
Integral,128,5,1485214225,1485214233,8
Integral,128,6,1485214233,1485214241,8
Integral,128,7,1485214241,1485214249,8
Integral,128,8,1485214249,1485214256,7
Integral,128,9,1485214256,1485214265,9
Integral,128,10,1485214265,1485214272,7
Integral,128,11,1485214272,1485214280,8
Integral,128,12,1485214280,1485214288,8
Integral,128,13,1485214288,1485214296,8
Integral,128,14,1485214296,1485214304,8
Integral,128,15,1485214304,1485214312,8
Integral,128,16,1485214312,1485214320,8
Integral,128,1,1485214320,1485214328,8
Integral,128,2,1485214328,1485214336,8
Integral,128,3,1485214336,1485214344,8
Integral,128,4,1485214344,1485214352,8
Integral,128,5,1485214352,1485214360,8
Integral,128,6,1485214360,1485214367,7
Integral,128,7,1485214367,1485214376,9
Integral,128,8,1485214376,1485214384,8
Integral,128,9,1485214384,1485214392,8
Integral,128,10,1485214392,1485214400,8
Integral,128,11,1485214400,1485214407,7
Integral,128,12,1485214407,1485214415,8
Integral,128,13,1485214415,1485214423,8
Integral,128,14,1485214423,1485214431,8
Integral,128,15,1485214431,1485214439,8
Integral,128,16,1485214439,1485214447,8
Integral,128,1,1485214447,1485214455,8
Integral,128,2,1485214455,1485214463,8
Integral,128,3,1485214463,1485214471,8
Integral,128,4,1485214471,1485214478,7
Integral,128,5,1485214478,1485214486,8
Integral,128,6,1485214486,1485214494,8
Integral,128,7,1485214494,1485214503,9
Integral,128,8,1485214503,1485214511,8
Integral,128,9,1485214511,1485214519,8
Integral,128,10,1485214519,1485214527,8
Integral,128,11,1485214527,1485214535,8
Integral,128,12,1485214535,1485214543,8
Integral,128,13,1485214543,1485214551,8
Integral,128,14,1485214551,1485214559,8
Integral,128,15,1485214559,1485214567,8
Integral,128,16,1485214567,1485214575,8
Integral,128,1,1485214575,1485214583,8
Integral,128,2,1485214583,1485214590,7
Integral,128,3,1485214590,1485214598,8
Integral,128,4,1485214598,1485214606,8
Integral,128,5,1485214606,1485214614,8
Integral,128,6,1485214614,1485214621,7
Integral,128,7,1485214621,1485214629,8
Integral,128,8,1485214629,1485214637,8
Integral,128,9,1485214637,1485214645,8
Integral,128,10,1485214645,1485214653,8
Integral,128,11,1485214653,1485214660,7
Integral,128,12,1485214660,1485214668,8
Integral,128,13,1485214668,1485214676,8
Integral,128,14,1485214676,1485214684,8
Integral,128,15,1485214684,1485214692,8
Integral,128,16,1485214692,1485214700,8
Integral,128,1,1485214700,1485214709,9
Integral,128,2,1485214709,1485214717,8
Integral,128,3,1485214717,1485214725,8
Integral,128,4,1485214725,1485214733,8
Integral,128,5,1485214733,1485214740,7
Integral,128,6,1485214740,1485214748,8
Integral,128,7,1485214748,1485214756,8
Integral,128,8,1485214756,1485214764,8
Integral,128,9,1485214764,1485214772,8
Integral,128,10,1485214772,1485214780,8
Integral,128,11,1485214780,1485214788,8
Integral,128,12,1485214788,1485214796,8
Integral,128,13,1485214796,1485214805,9
Integral,128,14,1485214805,1485214813,8
Integral,128,15,1485214813,1485214821,8
Integral,128,16,1485214821,1485214829,8
Integral,256,1,1485214829,1485214837,8
Integral,256,2,1485214837,1485214845,8
Integral,256,3,1485214845,1485214853,8
Integral,256,4,1485214853,1485214861,8
Integral,256,5,1485214861,1485214869,8
Integral,256,6,1485214869,1485214877,8
Integral,256,7,1485214877,1485214885,8
Integral,256,8,1485214885,1485214893,8
Integral,256,9,1485214893,1485214901,8
Integral,256,10,1485214901,1485214909,8
Integral,256,11,1485214909,1485214917,8
Integral,256,12,1485214917,1485214925,8
Integral,256,13,1485214925,1485214933,8
Integral,256,14,1485214933,1485214941,8
Integral,256,15,1485214941,1485214948,7
Integral,256,16,1485214948,1485214956,8
Integral,256,1,1485214956,1485214964,8
Integral,256,2,1485214964,1485214972,8
Integral,256,3,1485214972,1485214980,8
Integral,256,4,1485214980,1485214988,8
Integral,256,5,1485214988,1485214996,8
Integral,256,6,1485214996,1485215004,8
Integral,256,7,1485215004,1485215012,8
Integral,256,8,1485215012,1485215019,7
Integral,256,9,1485215019,1485215027,8
Integral,256,10,1485215027,1485215035,8
Integral,256,11,1485215035,1485215043,8
Integral,256,12,1485215043,1485215051,8
Integral,256,13,1485215051,1485215059,8
Integral,256,14,1485215059,1485215067,8
Integral,256,15,1485215067,1485215075,8
Integral,256,16,1485215075,1485215083,8
Integral,256,1,1485215083,1485215091,8
Integral,256,2,1485215091,1485215098,7
Integral,256,3,1485215098,1485215106,8
Integral,256,4,1485215106,1485215114,8
Integral,256,5,1485215114,1485215122,8
Integral,256,6,1485215122,1485215130,8
Integral,256,7,1485215130,1485215138,8
Integral,256,8,1485215138,1485215145,7
Integral,256,9,1485215145,1485215153,8
Integral,256,10,1485215153,1485215161,8
Integral,256,11,1485215161,1485215169,8
Integral,256,12,1485215169,1485215178,9
Integral,256,13,1485215178,1485215186,8
Integral,256,14,1485215186,1485215193,7
Integral,256,15,1485215193,1485215201,8
Integral,256,16,1485215201,1485215209,8
Integral,256,1,1485215209,1485215217,8
Integral,256,2,1485215217,1485215225,8
Integral,256,3,1485215225,1485215233,8
Integral,256,4,1485215233,1485215241,8
Integral,256,5,1485215241,1485215249,8
Integral,256,6,1485215249,1485215257,8
Integral,256,7,1485215257,1485215265,8
Integral,256,8,1485215265,1485215273,8
Integral,256,9,1485215273,1485215281,8
Integral,256,10,1485215281,1485215289,8
Integral,256,11,1485215289,1485215297,8
Integral,256,12,1485215297,1485215305,8
Integral,256,13,1485215305,1485215313,8
Integral,256,14,1485215313,1485215321,8
Integral,256,15,1485215321,1485215329,8
Integral,256,16,1485215329,1485215337,8
Integral,256,1,1485215337,1485215345,8
Integral,256,2,1485215345,1485215353,8
Integral,256,3,1485215353,1485215361,8
Integral,256,4,1485215361,1485215369,8
Integral,256,5,1485215369,1485215376,7
Integral,256,6,1485215376,1485215384,8
Integral,256,7,1485215384,1485215392,8
Integral,256,8,1485215392,1485215400,8
Integral,256,9,1485215400,1485215409,9
Integral,256,10,1485215409,1485215416,7
Integral,256,11,1485215417,1485215424,7
Integral,256,12,1485215424,1485215432,8
Integral,256,13,1485215432,1485215440,8
Integral,256,14,1485215440,1485215448,8
Integral,256,15,1485215448,1485215456,8
Integral,256,16,1485215456,1485215464,8
Integral,512,1,1485215464,1485215472,8
Integral,512,2,1485215472,1485215479,7
Integral,512,3,1485215479,1485215487,8
Integral,512,4,1485215487,1485215495,8
Integral,512,5,1485215495,1485215503,8
Integral,512,6,1485215503,1485215511,8
Integral,512,7,1485215511,1485215519,8
Integral,512,8,1485215519,1485215527,8
Integral,512,9,1485215527,1485215535,8
Integral,512,10,1485215535,1485215543,8
Integral,512,11,1485215543,1485215550,7
Integral,512,12,1485215550,1485215558,8
Integral,512,13,1485215558,1485215566,8
Integral,512,14,1485215566,1485215574,8
Integral,512,15,1485215574,1485215582,8
Integral,512,16,1485215582,1485215590,8
Integral,512,1,1485215590,1485215598,8
Integral,512,2,1485215598,1485215606,8
Integral,512,3,1485215606,1485215614,8
Integral,512,4,1485215614,1485215622,8
Integral,512,5,1485215622,1485215630,8
Integral,512,6,1485215630,1485215638,8
Integral,512,7,1485215638,1485215646,8
Integral,512,8,1485215646,1485215654,8
Integral,512,9,1485215654,1485215661,7
Integral,512,10,1485215661,1485215669,8
Integral,512,11,1485215669,1485215677,8
Integral,512,12,1485215677,1485215685,8
Integral,512,13,1485215685,1485215693,8
Integral,512,14,1485215693,1485215701,8
Integral,512,15,1485215701,1485215709,8
Integral,512,16,1485215709,1485215717,8
Integral,512,1,1485215717,1485215724,7
Integral,512,2,1485215724,1485215732,8
Integral,512,3,1485215732,1485215740,8
Integral,512,4,1485215740,1485215748,8
Integral,512,5,1485215748,1485215756,8
Integral,512,6,1485215756,1485215764,8
Integral,512,7,1485215764,1485215772,8
Integral,512,8,1485215772,1485215780,8
Integral,512,9,1485215780,1485215788,8
Integral,512,10,1485215788,1485215796,8
Integral,512,11,1485215796,1485215804,8
Integral,512,12,1485215804,1485215812,8
Integral,512,13,1485215812,1485215820,8
Integral,512,14,1485215820,1485215828,8
Integral,512,15,1485215828,1485215837,9
Integral,512,16,1485215837,1485215844,7
Integral,512,1,1485215844,1485215852,8
Integral,512,2,1485215852,1485215860,8
Integral,512,3,1485215860,1485215868,8
Integral,512,4,1485215868,1485215875,7
Integral,512,5,1485215875,1485215884,9
Integral,512,6,1485215884,1485215892,8
Integral,512,7,1485215892,1485215900,8
Integral,512,8,1485215900,1485215908,8
Integral,512,9,1485215908,1485215916,8
Integral,512,10,1485215916,1485215924,8
Integral,512,11,1485215924,1485215932,8
Integral,512,12,1485215932,1485215940,8
Integral,512,13,1485215940,1485215948,8
Integral,512,14,1485215948,1485215956,8
Integral,512,15,1485215956,1485215964,8
Integral,512,16,1485215964,1485215972,8
Integral,512,1,1485215972,1485215980,8
Integral,512,2,1485215980,1485215987,7
Integral,512,3,1485215987,1485215995,8
Integral,512,4,1485215995,1485216005,10
Integral,512,5,1485216005,1485216014,9
Integral,512,6,1485216014,1485216023,9
Integral,512,7,1485216023,1485216031,8
Integral,512,8,1485216031,1485216039,8
Integral,512,9,1485216039,1485216047,8
Integral,512,10,1485216047,1485216055,8
Integral,512,11,1485216055,1485216064,9
Integral,512,12,1485216064,1485216073,9
Integral,512,13,1485216073,1485216081,8
Integral,512,14,1485216081,1485216089,8
Integral,512,15,1485216089,1485216097,8
Integral,512,16,1485216097,1485216105,8
Integral,1024,1,1485216105,1485216113,8
Integral,1024,2,1485216113,1485216120,7
Integral,1024,3,1485216120,1485216129,9
Integral,1024,4,1485216129,1485216137,8
Integral,1024,5,1485216137,1485216144,7
Integral,1024,6,1485216144,1485216152,8
Integral,1024,7,1485216152,1485216160,8
Integral,1024,8,1485216160,1485216168,8
Integral,1024,9,1485216168,1485216176,8
Integral,1024,10,1485216176,1485216184,8
Integral,1024,11,1485216184,1485216192,8
Integral,1024,12,1485216192,1485216200,8
Integral,1024,13,1485216200,1485216207,7
Integral,1024,14,1485216207,1485216216,9
Integral,1024,15,1485216216,1485216223,7
Integral,1024,16,1485216223,1485216231,8
Integral,1024,1,1485216231,1485216239,8
Integral,1024,2,1485216239,1485216247,8
Integral,1024,3,1485216247,1485216256,9
Integral,1024,4,1485216256,1485216263,7
Integral,1024,5,1485216263,1485216271,8
Integral,1024,6,1485216271,1485216279,8
Integral,1024,7,1485216279,1485216287,8
Integral,1024,8,1485216287,1485216295,8
Integral,1024,9,1485216295,1485216304,9
Integral,1024,10,1485216304,1485216312,8
Integral,1024,11,1485216312,1485216319,7
Integral,1024,12,1485216319,1485216327,8
Integral,1024,13,1485216327,1485216335,8
Integral,1024,14,1485216335,1485216343,8
Integral,1024,15,1485216343,1485216351,8
Integral,1024,16,1485216351,1485216359,8
Integral,1024,1,1485216359,1485216367,8
Integral,1024,2,1485216367,1485216375,8
Integral,1024,3,1485216375,1485216382,7
Integral,1024,4,1485216382,1485216390,8
Integral,1024,5,1485216390,1485216398,8
Integral,1024,6,1485216398,1485216406,8
Integral,1024,7,1485216406,1485216413,7
Integral,1024,8,1485216413,1485216421,8
Integral,1024,9,1485216421,1485216430,9
Integral,1024,10,1485216430,1485216438,8
Integral,1024,11,1485216438,1485216446,8
Integral,1024,12,1485216446,1485216454,8
Integral,1024,13,1485216454,1485216461,7
Integral,1024,14,1485216461,1485216469,8
Integral,1024,15,1485216469,1485216477,8
Integral,1024,16,1485216477,1485216485,8
Integral,1024,1,1485216485,1485216493,8
Integral,1024,2,1485216493,1485216501,8
Integral,1024,3,1485216501,1485216509,8
Integral,1024,4,1485216509,1485216517,8
Integral,1024,5,1485216517,1485216525,8
Integral,1024,6,1485216525,1485216533,8
Integral,1024,7,1485216533,1485216541,8
Integral,1024,8,1485216541,1485216549,8
Integral,1024,9,1485216549,1485216557,8
Integral,1024,10,1485216557,1485216565,8
Integral,1024,11,1485216565,1485216573,8
Integral,1024,12,1485216573,1485216581,8
Integral,1024,13,1485216581,1485216589,8
Integral,1024,14,1485216589,1485216597,8
Integral,1024,15,1485216597,1485216605,8
Integral,1024,16,1485216605,1485216613,8
Integral,1024,1,1485216613,1485216621,8
Integral,1024,2,1485216621,1485216629,8
Integral,1024,3,1485216629,1485216637,8
Integral,1024,4,1485216637,1485216645,8
Integral,1024,5,1485216645,1485216653,8
Integral,1024,6,1485216653,1485216660,7
Integral,1024,7,1485216660,1485216668,8
Integral,1024,8,1485216668,1485216676,8
Integral,1024,9,1485216676,1485216684,8
Integral,1024,10,1485216684,1485216692,8
Integral,1024,11,1485216692,1485216700,8
Integral,1024,12,1485216700,1485216708,8
Integral,1024,13,1485216708,1485216716,8
Integral,1024,14,1485216716,1485216724,8
Integral,1024,15,1485216724,1485216732,8
Integral,1024,16,1485216732,1485216740,8
Integral,2048,1,1485216740,1485216748,8
Integral,2048,2,1485216748,1485216756,8
Integral,2048,3,1485216756,1485216764,8
Integral,2048,4,1485216764,1485216772,8
Integral,2048,5,1485216772,1485216780,8
Integral,2048,6,1485216780,1485216788,8
Integral,2048,7,1485216788,1485216796,8
Integral,2048,8,1485216796,1485216804,8
Integral,2048,9,1485216804,1485216811,7
Integral,2048,10,1485216811,1485216819,8
Integral,2048,11,1485216819,1485216827,8
Integral,2048,12,1485216827,1485216835,8
Integral,2048,13,1485216835,1485216844,9
Integral,2048,14,1485216844,1485216852,8
Integral,2048,15,1485216852,1485216860,8
Integral,2048,16,1485216860,1485216868,8
Integral,2048,1,1485216868,1485216876,8
Integral,2048,2,1485216876,1485216883,7
Integral,2048,3,1485216883,1485216891,8
Integral,2048,4,1485216891,1485216899,8
Integral,2048,5,1485216899,1485216908,9
Integral,2048,6,1485216908,1485216916,8
Integral,2048,7,1485216916,1485216924,8
Integral,2048,8,1485216924,1485216932,8
Integral,2048,9,1485216932,1485216940,8
Integral,2048,10,1485216940,1485216948,8
Integral,2048,11,1485216948,1485216956,8
Integral,2048,12,1485216956,1485216964,8
Integral,2048,13,1485216964,1485216973,9
Integral,2048,14,1485216973,1485216981,8
Integral,2048,15,1485216981,1485216989,8
Integral,2048,16,1485216989,1485216996,7
Integral,2048,1,1485216996,1485217004,8
Integral,2048,2,1485217004,1485217012,8
Integral,2048,3,1485217012,1485217021,9
Integral,2048,4,1485217021,1485217029,8
Integral,2048,5,1485217029,1485217037,8
Integral,2048,6,1485217037,1485217045,8
Integral,2048,7,1485217045,1485217053,8
Integral,2048,8,1485217053,1485217061,8
Integral,2048,9,1485217061,1485217069,8
Integral,2048,10,1485217069,1485217077,8
Integral,2048,11,1485217077,1485217085,8
Integral,2048,12,1485217085,1485217093,8
Integral,2048,13,1485217093,1485217101,8
Integral,2048,14,1485217101,1485217109,8
Integral,2048,15,1485217109,1485217117,8
Integral,2048,16,1485217117,1485217125,8
Integral,2048,1,1485217125,1485217133,8
Integral,2048,2,1485217133,1485217141,8
Integral,2048,3,1485217141,1485217149,8
Integral,2048,4,1485217149,1485217157,8
Integral,2048,5,1485217157,1485217165,8
Integral,2048,6,1485217165,1485217173,8
Integral,2048,7,1485217173,1485217181,8
Integral,2048,8,1485217181,1485217189,8
Integral,2048,9,1485217189,1485217197,8
Integral,2048,10,1485217197,1485217206,9
Integral,2048,11,1485217206,1485217214,8
Integral,2048,12,1485217214,1485217223,9
Integral,2048,13,1485217223,1485217231,8
Integral,2048,14,1485217231,1485217239,8
Integral,2048,15,1485217239,1485217246,7
Integral,2048,16,1485217246,1485217254,8
Integral,2048,1,1485217254,1485217263,9
Integral,2048,2,1485217263,1485217272,9
Integral,2048,3,1485217272,1485217280,8
Integral,2048,4,1485217280,1485217288,8
Integral,2048,5,1485217288,1485217296,8
Integral,2048,6,1485217296,1485217304,8
Integral,2048,7,1485217304,1485217312,8
Integral,2048,8,1485217312,1485217321,9
Integral,2048,9,1485217321,1485217329,8
Integral,2048,10,1485217329,1485217337,8
Integral,2048,11,1485217337,1485217345,8
Integral,2048,12,1485217345,1485217354,9
Integral,2048,13,1485217354,1485217361,7
Integral,2048,14,1485217361,1485217370,9
Integral,2048,15,1485217370,1485217378,8
Integral,2048,16,1485217378,1485217387,9
Integral,4096,1,1485217387,1485217395,8
Integral,4096,2,1485217395,1485217403,8
Integral,4096,3,1485217403,1485217411,8
Integral,4096,4,1485217411,1485217418,7
Integral,4096,5,1485217418,1485217426,8
Integral,4096,6,1485217426,1485217434,8
Integral,4096,7,1485217434,1485217443,9
Integral,4096,8,1485217443,1485217451,8
Integral,4096,9,1485217451,1485217459,8
Integral,4096,10,1485217459,1485217467,8
Integral,4096,11,1485217467,1485217475,8
Integral,4096,12,1485217475,1485217483,8
Integral,4096,13,1485217483,1485217491,8
Integral,4096,14,1485217491,1485217499,8
Integral,4096,15,1485217499,1485217508,9
Integral,4096,16,1485217508,1485217516,8
Integral,4096,1,1485217516,1485217524,8
Integral,4096,2,1485217524,1485217532,8
Integral,4096,3,1485217532,1485217540,8
Integral,4096,4,1485217540,1485217548,8
Integral,4096,5,1485217548,1485217556,8
Integral,4096,6,1485217556,1485217565,9
Integral,4096,7,1485217565,1485217573,8
Integral,4096,8,1485217573,1485217581,8
Integral,4096,9,1485217581,1485217589,8
Integral,4096,10,1485217589,1485217597,8
Integral,4096,11,1485217597,1485217605,8
Integral,4096,12,1485217605,1485217613,8
Integral,4096,13,1485217613,1485217621,8
Integral,4096,14,1485217621,1485217629,8
Integral,4096,15,1485217629,1485217637,8
Integral,4096,16,1485217637,1485217645,8
Integral,4096,1,1485217645,1485217653,8
Integral,4096,2,1485217653,1485217661,8
Integral,4096,3,1485217661,1485217669,8
Integral,4096,4,1485217669,1485217677,8
Integral,4096,5,1485217677,1485217685,8
Integral,4096,6,1485217685,1485217693,8
Integral,4096,7,1485217693,1485217701,8
Integral,4096,8,1485217701,1485217709,8
Integral,4096,9,1485217709,1485217717,8
Integral,4096,10,1485217717,1485217725,8
Integral,4096,11,1485217725,1485217733,8
Integral,4096,12,1485217733,1485217741,8
Integral,4096,13,1485217741,1485217749,8
Integral,4096,14,1485217749,1485217757,8
Integral,4096,15,1485217757,1485217764,7
Integral,4096,16,1485217764,1485217772,8
Integral,4096,1,1485217772,1485217780,8
Integral,4096,2,1485217780,1485217788,8
Integral,4096,3,1485217788,1485217795,7
Integral,4096,4,1485217795,1485217804,9
Integral,4096,5,1485217804,1485217812,8
Integral,4096,6,1485217812,1485217820,8
Integral,4096,7,1485217820,1485217828,8
Integral,4096,8,1485217828,1485217836,8
Integral,4096,9,1485217836,1485217844,8
Integral,4096,10,1485217844,1485217852,8
Integral,4096,11,1485217852,1485217859,7
Integral,4096,12,1485217859,1485217867,8
Integral,4096,13,1485217867,1485217875,8
Integral,4096,14,1485217875,1485217883,8
Integral,4096,15,1485217883,1485217891,8
Integral,4096,16,1485217891,1485217899,8
Integral,4096,1,1485217899,1485217906,7
Integral,4096,2,1485217906,1485217914,8
Integral,4096,3,1485217914,1485217922,8
Integral,4096,4,1485217922,1485217930,8
Integral,4096,5,1485217930,1485217939,9
Integral,4096,6,1485217939,1485217947,8
Integral,4096,7,1485217947,1485217955,8
Integral,4096,8,1485217955,1485217962,7
Integral,4096,9,1485217962,1485217970,8
Integral,4096,10,1485217970,1485217978,8
Integral,4096,11,1485217978,1485217986,8
Integral,4096,12,1485217986,1485217994,8
Integral,4096,13,1485217994,1485218002,8
Integral,4096,14,1485218002,1485218010,8
Integral,4096,15,1485218010,1485218018,8
Integral,4096,16,1485218018,1485218026,8
Integral,8192,1,1485218026,1485218034,8
Integral,8192,2,1485218034,1485218042,8
Integral,8192,3,1485218042,1485218050,8
Integral,8192,4,1485218050,1485218058,8
Integral,8192,5,1485218058,1485218066,8
Integral,8192,6,1485218066,1485218073,7
Integral,8192,7,1485218073,1485218081,8
Integral,8192,8,1485218081,1485218089,8
Integral,8192,9,1485218089,1485218097,8
Integral,8192,10,1485218097,1485218106,9
Integral,8192,11,1485218106,1485218114,8
Integral,8192,12,1485218114,1485218122,8
Integral,8192,13,1485218122,1485218129,7
Integral,8192,14,1485218129,1485218137,8
Integral,8192,15,1485218137,1485218145,8
Integral,8192,16,1485218145,1485218153,8
Integral,8192,1,1485218153,1485218161,8
Integral,8192,2,1485218161,1485218169,8
Integral,8192,3,1485218169,1485218176,7
Integral,8192,4,1485218176,1485218184,8
Integral,8192,5,1485218184,1485218192,8
Integral,8192,6,1485218192,1485218200,8
Integral,8192,7,1485218200,1485218208,8
Integral,8192,8,1485218208,1485218216,8
Integral,8192,9,1485218216,1485218224,8
Integral,8192,10,1485218224,1485218232,8
Integral,8192,11,1485218232,1485218240,8
Integral,8192,12,1485218240,1485218248,8
Integral,8192,13,1485218248,1485218256,8
Integral,8192,14,1485218256,1485218263,7
Integral,8192,15,1485218263,1485218271,8
Integral,8192,16,1485218271,1485218279,8
Integral,8192,1,1485218279,1485218287,8
Integral,8192,2,1485218287,1485218295,8
Integral,8192,3,1485218295,1485218303,8
Integral,8192,4,1485218303,1485218311,8
Integral,8192,5,1485218311,1485218318,7
Integral,8192,6,1485218318,1485218326,8
Integral,8192,7,1485218326,1485218334,8
Integral,8192,8,1485218334,1485218342,8
Integral,8192,9,1485218342,1485218350,8
Integral,8192,10,1485218350,1485218358,8
Integral,8192,11,1485218358,1485218366,8
Integral,8192,12,1485218366,1485218374,8
Integral,8192,13,1485218374,1485218382,8
Integral,8192,14,1485218382,1485218389,7
Integral,8192,15,1485218389,1485218397,8
Integral,8192,16,1485218397,1485218406,9
Integral,8192,1,1485218406,1485218414,8
Integral,8192,2,1485218414,1485218422,8
Integral,8192,3,1485218422,1485218430,8
Integral,8192,4,1485218430,1485218438,8
Integral,8192,5,1485218438,1485218446,8
Integral,8192,6,1485218446,1485218454,8
Integral,8192,7,1485218454,1485218462,8
Integral,8192,8,1485218462,1485218470,8
Integral,8192,9,1485218470,1485218477,7
Integral,8192,10,1485218477,1485218485,8
Integral,8192,11,1485218485,1485218493,8
Integral,8192,12,1485218493,1485218501,8
Integral,8192,13,1485218501,1485218509,8
Integral,8192,14,1485218509,1485218517,8
Integral,8192,15,1485218517,1485218525,8
Integral,8192,16,1485218525,1485218533,8
Integral,8192,1,1485218533,1485218541,8
Integral,8192,2,1485218541,1485218549,8
Integral,8192,3,1485218549,1485218557,8
Integral,8192,4,1485218557,1485218565,8
Integral,8192,5,1485218565,1485218572,7
Integral,8192,6,1485218572,1485218580,8
Integral,8192,7,1485218580,1485218588,8
Integral,8192,8,1485218588,1485218596,8
Integral,8192,9,1485218596,1485218604,8
Integral,8192,10,1485218604,1485218612,8
Integral,8192,11,1485218612,1485218620,8
Integral,8192,12,1485218620,1485218628,8
Integral,8192,13,1485218628,1485218636,8
Integral,8192,14,1485218636,1485218645,9
Integral,8192,15,1485218645,1485218653,8
Integral,8192,16,1485218653,1485218661,8
Integral,16384,1,1485218661,1485218669,8
Integral,16384,2,1485218669,1485218677,8
Integral,16384,3,1485218677,1485218684,7
Integral,16384,4,1485218684,1485218692,8
Integral,16384,5,1485218692,1485218700,8
Integral,16384,6,1485218700,1485218709,9
Integral,16384,7,1485218709,1485218717,8
Integral,16384,8,1485218717,1485218725,8
Integral,16384,9,1485218725,1485218733,8
Integral,16384,10,1485218733,1485218740,7
Integral,16384,11,1485218740,1485218748,8
Integral,16384,12,1485218748,1485218756,8
Integral,16384,13,1485218756,1485218764,8
Integral,16384,14,1485218764,1485218772,8
Integral,16384,15,1485218772,1485218780,8
Integral,16384,16,1485218780,1485218788,8
Integral,16384,1,1485218788,1485218796,8
Integral,16384,2,1485218796,1485218804,8
Integral,16384,3,1485218804,1485218811,7
Integral,16384,4,1485218811,1485218819,8
Integral,16384,5,1485218819,1485218827,8
Integral,16384,6,1485218827,1485218835,8
Integral,16384,7,1485218835,1485218843,8
Integral,16384,8,1485218843,1485218851,8
Integral,16384,9,1485218851,1485218858,7
Integral,16384,10,1485218858,1485218866,8
Integral,16384,11,1485218866,1485218874,8
Integral,16384,12,1485218874,1485218882,8
Integral,16384,13,1485218882,1485218890,8
Integral,16384,14,1485218890,1485218898,8
Integral,16384,15,1485218898,1485218905,7
Integral,16384,16,1485218905,1485218913,8
Integral,16384,1,1485218913,1485218921,8
Integral,16384,2,1485218921,1485218929,8
Integral,16384,3,1485218929,1485218937,8
Integral,16384,4,1485218937,1485218945,8
Integral,16384,5,1485218945,1485218953,8
Integral,16384,6,1485218953,1485218961,8
Integral,16384,7,1485218961,1485218969,8
Integral,16384,8,1485218969,1485218977,8
Integral,16384,9,1485218977,1485218985,8
Integral,16384,10,1485218985,1485218992,7
Integral,16384,11,1485218992,1485219000,8
Integral,16384,12,1485219000,1485219009,9
Integral,16384,13,1485219009,1485219017,8
Integral,16384,14,1485219017,1485219024,7
Integral,16384,15,1485219024,1485219032,8
Integral,16384,16,1485219032,1485219040,8
Integral,16384,1,1485219040,1485219048,8
Integral,16384,2,1485219048,1485219056,8
Integral,16384,3,1485219056,1485219064,8
Integral,16384,4,1485219064,1485219072,8
Integral,16384,5,1485219072,1485219080,8
Integral,16384,6,1485219080,1485219088,8
Integral,16384,7,1485219088,1485219096,8
Integral,16384,8,1485219096,1485219104,8
Integral,16384,9,1485219104,1485219111,7
Integral,16384,10,1485219111,1485219119,8
Integral,16384,11,1485219119,1485219127,8
Integral,16384,12,1485219127,1485219135,8
Integral,16384,13,1485219135,1485219143,8
Integral,16384,14,1485219143,1485219151,8
Integral,16384,15,1485219151,1485219158,7
Integral,16384,16,1485219158,1485219166,8
Integral,16384,1,1485219166,1485219174,8
Integral,16384,2,1485219174,1485219182,8
Integral,16384,3,1485219182,1485219190,8
Integral,16384,4,1485219190,1485219198,8
Integral,16384,5,1485219198,1485219206,8
Integral,16384,6,1485219206,1485219214,8
Integral,16384,7,1485219214,1485219221,7
Integral,16384,8,1485219221,1485219229,8
Integral,16384,9,1485219229,1485219237,8
Integral,16384,10,1485219237,1485219245,8
Integral,16384,11,1485219245,1485219253,8
Integral,16384,12,1485219253,1485219260,7
Integral,16384,13,1485219260,1485219268,8
Integral,16384,14,1485219268,1485219276,8
Integral,16384,15,1485219276,1485219284,8
Integral,16384,16,1485219284,1485219292,8
Integral,32768,1,1485219292,1485219300,8
Integral,32768,2,1485219300,1485219309,9
Integral,32768,3,1485219309,1485219317,8
Integral,32768,4,1485219317,1485219324,7
Integral,32768,5,1485219324,1485219332,8
Integral,32768,6,1485219332,1485219340,8
Integral,32768,7,1485219340,1485219347,7
Integral,32768,8,1485219348,1485219355,7
Integral,32768,9,1485219355,1485219363,8
Integral,32768,10,1485219363,1485219372,9
Integral,32768,11,1485219372,1485219380,8
Integral,32768,12,1485219380,1485219388,8
Integral,32768,13,1485219388,1485219396,8
Integral,32768,14,1485219396,1485219404,8
Integral,32768,15,1485219404,1485219412,8
Integral,32768,16,1485219412,1485219420,8
Integral,32768,1,1485219420,1485219428,8
Integral,32768,2,1485219428,1485219436,8
Integral,32768,3,1485219436,1485219443,7
Integral,32768,4,1485219443,1485219452,9
Integral,32768,5,1485219452,1485219459,7
Integral,32768,6,1485219459,1485219467,8
Integral,32768,7,1485219467,1485219475,8
Integral,32768,8,1485219475,1485219483,8
Integral,32768,9,1485219483,1485219491,8
Integral,32768,10,1485219491,1485219499,8
Integral,32768,11,1485219499,1485219507,8
Integral,32768,12,1485219507,1485219515,8
Integral,32768,13,1485219515,1485219523,8
Integral,32768,14,1485219523,1485219531,8
Integral,32768,15,1485219531,1485219539,8
Integral,32768,16,1485219539,1485219547,8
Integral,32768,1,1485219547,1485219554,7
Integral,32768,2,1485219554,1485219562,8
Integral,32768,3,1485219562,1485219570,8
Integral,32768,4,1485219570,1485219578,8
Integral,32768,5,1485219578,1485219586,8
Integral,32768,6,1485219586,1485219594,8
Integral,32768,7,1485219594,1485219603,9
Integral,32768,8,1485219603,1485219612,9
Integral,32768,9,1485219612,1485219621,9
Integral,32768,10,1485219621,1485219629,8
Integral,32768,11,1485219629,1485219637,8
Integral,32768,12,1485219637,1485219645,8
Integral,32768,13,1485219645,1485219653,8
Integral,32768,14,1485219653,1485219661,8
Integral,32768,15,1485219661,1485219669,8
Integral,32768,16,1485219669,1485219677,8
Integral,32768,1,1485219677,1485219685,8
Integral,32768,2,1485219685,1485219693,8
Integral,32768,3,1485219693,1485219701,8
Integral,32768,4,1485219701,1485219709,8
Integral,32768,5,1485219709,1485219716,7
Integral,32768,6,1485219716,1485219725,9
Integral,32768,7,1485219725,1485219732,7
Integral,32768,8,1485219732,1485219740,8
Integral,32768,9,1485219740,1485219748,8
Integral,32768,10,1485219748,1485219756,8
Integral,32768,11,1485219756,1485219764,8
Integral,32768,12,1485219764,1485219772,8
Integral,32768,13,1485219772,1485219780,8
Integral,32768,14,1485219780,1485219788,8
Integral,32768,15,1485219788,1485219796,8
Integral,32768,16,1485219796,1485219804,8
Integral,32768,1,1485219804,1485219812,8
Integral,32768,2,1485219812,1485219820,8
Integral,32768,3,1485219820,1485219828,8
Integral,32768,4,1485219828,1485219836,8
Integral,32768,5,1485219836,1485219844,8
Integral,32768,6,1485219844,1485219852,8
Integral,32768,7,1485219852,1485219860,8
Integral,32768,8,1485219860,1485219868,8
Integral,32768,9,1485219868,1485219876,8
Integral,32768,10,1485219876,1485219884,8
Integral,32768,11,1485219884,1485219892,8
Integral,32768,12,1485219892,1485219900,8
Integral,32768,13,1485219900,1485219908,8
Integral,32768,14,1485219908,1485219916,8
Integral,32768,15,1485219916,1485219924,8
Integral,32768,16,1485219924,1485219932,8
Integral,65536,1,1485219932,1485219939,7
Integral,65536,2,1485219939,1485219947,8
Integral,65536,3,1485219947,1485219955,8
Integral,65536,4,1485219955,1485219963,8
Integral,65536,5,1485219963,1485219971,8
Integral,65536,6,1485219971,1485219979,8
Integral,65536,7,1485219979,1485219987,8
Integral,65536,8,1485219987,1485219995,8
Integral,65536,9,1485219995,1485220003,8
Integral,65536,10,1485220003,1485220010,7
Integral,65536,11,1485220010,1485220018,8
Integral,65536,12,1485220018,1485220026,8
Integral,65536,13,1485220026,1485220034,8
Integral,65536,14,1485220034,1485220042,8
Integral,65536,15,1485220042,1485220050,8
Integral,65536,16,1485220050,1485220057,7
Integral,65536,1,1485220057,1485220065,8
Integral,65536,2,1485220065,1485220073,8
Integral,65536,3,1485220073,1485220081,8
Integral,65536,4,1485220081,1485220089,8
Integral,65536,5,1485220089,1485220097,8
Integral,65536,6,1485220097,1485220105,8
Integral,65536,7,1485220105,1485220114,9
Integral,65536,8,1485220114,1485220122,8
Integral,65536,9,1485220122,1485220130,8
Integral,65536,10,1485220130,1485220138,8
Integral,65536,11,1485220138,1485220146,8
Integral,65536,12,1485220146,1485220154,8
Integral,65536,13,1485220154,1485220162,8
Integral,65536,14,1485220162,1485220170,8
Integral,65536,15,1485220170,1485220177,7
Integral,65536,16,1485220177,1485220185,8
Integral,65536,1,1485220185,1485220193,8
Integral,65536,2,1485220193,1485220201,8
Integral,65536,3,1485220201,1485220209,8
Integral,65536,4,1485220209,1485220217,8
Integral,65536,5,1485220217,1485220224,7
Integral,65536,6,1485220224,1485220233,9
Integral,65536,7,1485220233,1485220240,7
Integral,65536,8,1485220240,1485220248,8
Integral,65536,9,1485220248,1485220256,8
Integral,65536,10,1485220256,1485220264,8
Integral,65536,11,1485220264,1485220272,8
Integral,65536,12,1485220272,1485220280,8
Integral,65536,13,1485220280,1485220287,7
Integral,65536,14,1485220287,1485220295,8
Integral,65536,15,1485220295,1485220303,8
Integral,65536,16,1485220303,1485220311,8
Integral,65536,1,1485220311,1485220319,8
Integral,65536,2,1485220319,1485220327,8
Integral,65536,3,1485220327,1485220335,8
Integral,65536,4,1485220335,1485220343,8
Integral,65536,5,1485220343,1485220351,8
Integral,65536,6,1485220351,1485220359,8
Integral,65536,7,1485220359,1485220367,8
Integral,65536,8,1485220367,1485220375,8
Integral,65536,9,1485220375,1485220383,8
Integral,65536,10,1485220383,1485220391,8
Integral,65536,11,1485220391,1485220398,7
Integral,65536,12,1485220398,1485220406,8
Integral,65536,13,1485220406,1485220414,8
Integral,65536,14,1485220414,1485220422,8
Integral,65536,15,1485220422,1485220430,8
Integral,65536,16,1485220430,1485220438,8
Integral,65536,1,1485220438,1485220446,8
Integral,65536,2,1485220446,1485220454,8
Integral,65536,3,1485220454,1485220462,8
Integral,65536,4,1485220462,1485220469,7
Integral,65536,5,1485220469,1485220477,8
Integral,65536,6,1485220477,1485220485,8
Integral,65536,7,1485220485,1485220493,8
Integral,65536,8,1485220493,1485220500,7
Integral,65536,9,1485220500,1485220509,9
Integral,65536,10,1485220509,1485220517,8
Integral,65536,11,1485220517,1485220525,8
Integral,65536,12,1485220525,1485220533,8
Integral,65536,13,1485220533,1485220540,7
Integral,65536,14,1485220540,1485220548,8
Integral,65536,15,1485220548,1485220556,8
Integral,65536,16,1485220556,1485220564,8
Integral,131072,1,1485220564,1485220572,8
Integral,131072,2,1485220572,1485220580,8
Integral,131072,3,1485220580,1485220588,8
Integral,131072,4,1485220588,1485220596,8
Integral,131072,5,1485220596,1485220604,8
Integral,131072,6,1485220604,1485220612,8
Integral,131072,7,1485220612,1485220620,8
Integral,131072,8,1485220620,1485220628,8
Integral,131072,9,1485220628,1485220636,8
Integral,131072,10,1485220636,1485220644,8
Integral,131072,11,1485220644,1485220652,8
Integral,131072,12,1485220652,1485220660,8
Integral,131072,13,1485220660,1485220668,8
Integral,131072,14,1485220668,1485220676,8
Integral,131072,15,1485220676,1485220684,8
Integral,131072,16,1485220684,1485220692,8
Integral,131072,1,1485220692,1485220700,8
Integral,131072,2,1485220700,1485220708,8
Integral,131072,3,1485220708,1485220715,7
Integral,131072,4,1485220715,1485220723,8
Integral,131072,5,1485220723,1485220731,8
Integral,131072,6,1485220731,1485220739,8
Integral,131072,7,1485220739,1485220747,8
Integral,131072,8,1485220747,1485220755,8
Integral,131072,9,1485220755,1485220762,7
Integral,131072,10,1485220762,1485220770,8
Integral,131072,11,1485220770,1485220778,8
Integral,131072,12,1485220778,1485220786,8
Integral,131072,13,1485220786,1485220794,8
Integral,131072,14,1485220794,1485220802,8
Integral,131072,15,1485220802,1485220810,8
Integral,131072,16,1485220810,1485220818,8
Integral,131072,1,1485220818,1485220826,8
Integral,131072,2,1485220826,1485220834,8
Integral,131072,3,1485220834,1485220842,8
Integral,131072,4,1485220842,1485220850,8
Integral,131072,5,1485220850,1485220858,8
Integral,131072,6,1485220858,1485220866,8
Integral,131072,7,1485220866,1485220874,8
Integral,131072,8,1485220874,1485220881,7
Integral,131072,9,1485220881,1485220889,8
Integral,131072,10,1485220889,1485220897,8
Integral,131072,11,1485220897,1485220905,8
Integral,131072,12,1485220905,1485220913,8
Integral,131072,13,1485220913,1485220921,8
Integral,131072,14,1485220921,1485220929,8
Integral,131072,15,1485220929,1485220937,8
Integral,131072,16,1485220937,1485220945,8
Integral,131072,1,1485220945,1485220953,8
Integral,131072,2,1485220953,1485220960,7
Integral,131072,3,1485220960,1485220968,8
Integral,131072,4,1485220968,1485220976,8
Integral,131072,5,1485220976,1485220985,9
Integral,131072,6,1485220985,1485220993,8
Integral,131072,7,1485220993,1485221001,8
Integral,131072,8,1485221001,1485221008,7
Integral,131072,9,1485221008,1485221016,8
Integral,131072,10,1485221016,1485221024,8
Integral,131072,11,1485221024,1485221032,8
Integral,131072,12,1485221032,1485221040,8
Integral,131072,13,1485221040,1485221048,8
Integral,131072,14,1485221048,1485221056,8
Integral,131072,15,1485221056,1485221064,8
Integral,131072,16,1485221064,1485221072,8
Integral,131072,1,1485221072,1485221080,8
Integral,131072,2,1485221080,1485221088,8
Integral,131072,3,1485221088,1485221096,8
Integral,131072,4,1485221096,1485221105,9
Integral,131072,5,1485221105,1485221113,8
Integral,131072,6,1485221113,1485221121,8
Integral,131072,7,1485221121,1485221129,8
Integral,131072,8,1485221129,1485221136,7
Integral,131072,9,1485221137,1485221144,7
Integral,131072,10,1485221144,1485221152,8
Integral,131072,11,1485221152,1485221160,8
Integral,131072,12,1485221160,1485221168,8
Integral,131072,13,1485221168,1485221176,8
Integral,131072,14,1485221176,1485221184,8
Integral,131072,15,1485221184,1485221192,8
Integral,131072,16,1485221192,1485221199,7
Integral,262144,1,1485221199,1485221207,8
Integral,262144,2,1485221207,1485221215,8
Integral,262144,3,1485221215,1485221224,9
Integral,262144,4,1485221224,1485221231,7
Integral,262144,5,1485221231,1485221240,9
Integral,262144,6,1485221240,1485221247,7
Integral,262144,7,1485221247,1485221255,8
Integral,262144,8,1485221255,1485221263,8
Integral,262144,9,1485221263,1485221271,8
Integral,262144,10,1485221271,1485221279,8
Integral,262144,11,1485221279,1485221287,8
Integral,262144,12,1485221287,1485221295,8
Integral,262144,13,1485221295,1485221303,8
Integral,262144,14,1485221303,1485221310,7
Integral,262144,15,1485221310,1485221318,8
Integral,262144,16,1485221318,1485221326,8
Integral,262144,1,1485221326,1485221334,8
Integral,262144,2,1485221334,1485221342,8
Integral,262144,3,1485221342,1485221350,8
Integral,262144,4,1485221350,1485221358,8
Integral,262144,5,1485221358,1485221366,8
Integral,262144,6,1485221366,1485221374,8
Integral,262144,7,1485221374,1485221382,8
Integral,262144,8,1485221382,1485221389,7
Integral,262144,9,1485221389,1485221397,8
Integral,262144,10,1485221397,1485221406,9
Integral,262144,11,1485221406,1485221414,8
Integral,262144,12,1485221414,1485221422,8
Integral,262144,13,1485221422,1485221430,8
Integral,262144,14,1485221430,1485221437,7
Integral,262144,15,1485221437,1485221445,8
Integral,262144,16,1485221445,1485221453,8
Integral,262144,1,1485221453,1485221461,8
Integral,262144,2,1485221461,1485221469,8
Integral,262144,3,1485221469,1485221476,7
Integral,262144,4,1485221476,1485221484,8
Integral,262144,5,1485221484,1485221492,8
Integral,262144,6,1485221492,1485221500,8
Integral,262144,7,1485221500,1485221508,8
Integral,262144,8,1485221508,1485221516,8
Integral,262144,9,1485221516,1485221524,8
Integral,262144,10,1485221524,1485221532,8
Integral,262144,11,1485221532,1485221540,8
Integral,262144,12,1485221540,1485221548,8
Integral,262144,13,1485221548,1485221556,8
Integral,262144,14,1485221556,1485221563,7
Integral,262144,15,1485221563,1485221571,8
Integral,262144,16,1485221571,1485221579,8
Integral,262144,1,1485221579,1485221587,8
Integral,262144,2,1485221587,1485221595,8
Integral,262144,3,1485221595,1485221603,8
Integral,262144,4,1485221603,1485221611,8
Integral,262144,5,1485221611,1485221619,8
Integral,262144,6,1485221619,1485221627,8
Integral,262144,7,1485221627,1485221635,8
Integral,262144,8,1485221635,1485221643,8
Integral,262144,9,1485221643,1485221651,8
Integral,262144,10,1485221651,1485221659,8
Integral,262144,11,1485221659,1485221667,8
Integral,262144,12,1485221667,1485221675,8
Integral,262144,13,1485221675,1485221683,8
Integral,262144,14,1485221683,1485221691,8
Integral,262144,15,1485221691,1485221699,8
Integral,262144,16,1485221699,1485221707,8
Integral,262144,1,1485221707,1485221715,8
Integral,262144,2,1485221715,1485221723,8
Integral,262144,3,1485221723,1485221730,7
Integral,262144,4,1485221730,1485221738,8
Integral,262144,5,1485221738,1485221746,8
Integral,262144,6,1485221746,1485221754,8
Integral,262144,7,1485221754,1485221762,8
Integral,262144,8,1485221762,1485221770,8
Integral,262144,9,1485221770,1485221778,8
Integral,262144,10,1485221778,1485221786,8
Integral,262144,11,1485221786,1485221794,8
Integral,262144,12,1485221794,1485221802,8
Integral,262144,13,1485221802,1485221809,7
Integral,262144,14,1485221809,1485221817,8
Integral,262144,15,1485221817,1485221826,9
Integral,262144,16,1485221826,1485221834,8
Integral,524288,1,1485221834,1485221842,8
Integral,524288,2,1485221842,1485221850,8
Integral,524288,3,1485221850,1485221857,7
Integral,524288,4,1485221857,1485221865,8
Integral,524288,5,1485221865,1485221873,8
Integral,524288,6,1485221873,1485221881,8
Integral,524288,7,1485221881,1485221889,8
Integral,524288,8,1485221889,1485221897,8
Integral,524288,9,1485221897,1485221905,8
Integral,524288,10,1485221905,1485221913,8
Integral,524288,11,1485221913,1485221921,8
Integral,524288,12,1485221921,1485221929,8
Integral,524288,13,1485221929,1485221937,8
Integral,524288,14,1485221937,1485221945,8
Integral,524288,15,1485221945,1485221953,8
Integral,524288,16,1485221953,1485221961,8
Integral,524288,1,1485221961,1485221968,7
Integral,524288,2,1485221968,1485221976,8
Integral,524288,3,1485221976,1485221984,8
Integral,524288,4,1485221984,1485221992,8
Integral,524288,5,1485221992,1485222000,8
Integral,524288,6,1485222000,1485222009,9
Integral,524288,7,1485222009,1485222017,8
Integral,524288,8,1485222017,1485222025,8
Integral,524288,9,1485222025,1485222033,8
Integral,524288,10,1485222033,1485222041,8
Integral,524288,11,1485222041,1485222048,7
Integral,524288,12,1485222048,1485222056,8
Integral,524288,13,1485222056,1485222065,9
Integral,524288,14,1485222065,1485222073,8
Integral,524288,15,1485222073,1485222081,8
Integral,524288,16,1485222081,1485222088,7
Integral,524288,1,1485222088,1485222096,8
Integral,524288,2,1485222096,1485222104,8
Integral,524288,3,1485222104,1485222112,8
Integral,524288,4,1485222112,1485222120,8
Integral,524288,5,1485222120,1485222128,8
Integral,524288,6,1485222128,1485222136,8
Integral,524288,7,1485222136,1485222144,8
Integral,524288,8,1485222144,1485222152,8
Integral,524288,9,1485222152,1485222159,7
Integral,524288,10,1485222159,1485222167,8
Integral,524288,11,1485222167,1485222175,8
Integral,524288,12,1485222175,1485222184,9
Integral,524288,13,1485222184,1485222192,8
Integral,524288,14,1485222192,1485222199,7
Integral,524288,15,1485222199,1485222208,9
Integral,524288,16,1485222208,1485222215,7
Integral,524288,1,1485222215,1485222223,8
Integral,524288,2,1485222223,1485222231,8
Integral,524288,3,1485222231,1485222239,8
Integral,524288,4,1485222239,1485222247,8
Integral,524288,5,1485222247,1485222255,8
Integral,524288,6,1485222255,1485222263,8
Integral,524288,7,1485222263,1485222271,8
Integral,524288,8,1485222271,1485222279,8
Integral,524288,9,1485222279,1485222287,8
Integral,524288,10,1485222287,1485222295,8
Integral,524288,11,1485222295,1485222303,8
Integral,524288,12,1485222303,1485222311,8
Integral,524288,13,1485222311,1485222319,8
Integral,524288,14,1485222319,1485222327,8
Integral,524288,15,1485222327,1485222335,8
Integral,524288,16,1485222335,1485222343,8
Integral,524288,1,1485222343,1485222351,8
Integral,524288,2,1485222351,1485222359,8
Integral,524288,3,1485222359,1485222367,8
Integral,524288,4,1485222367,1485222375,8
Integral,524288,5,1485222375,1485222383,8
Integral,524288,6,1485222383,1485222391,8
Integral,524288,7,1485222391,1485222398,7
Integral,524288,8,1485222398,1485222406,8
Integral,524288,9,1485222406,1485222414,8
Integral,524288,10,1485222414,1485222422,8
Integral,524288,11,1485222422,1485222430,8
Integral,524288,12,1485222430,1485222438,8
Integral,524288,13,1485222438,1485222446,8
Integral,524288,14,1485222446,1485222454,8
Integral,524288,15,1485222454,1485222461,7
Integral,524288,16,1485222461,1485222469,8
Integral,1048576,1,1485222469,1485222477,8
Integral,1048576,2,1485222477,1485222485,8
Integral,1048576,3,1485222485,1485222493,8
Integral,1048576,4,1485222493,1485222502,9
Integral,1048576,5,1485222502,1485222510,8
Integral,1048576,6,1485222510,1485222518,8
Integral,1048576,7,1485222518,1485222526,8
Integral,1048576,8,1485222526,1485222534,8
Integral,1048576,9,1485222534,1485222542,8
Integral,1048576,10,1485222542,1485222551,9
Integral,1048576,11,1485222551,1485222559,8
Integral,1048576,12,1485222559,1485222567,8
Integral,1048576,13,1485222567,1485222575,8
Integral,1048576,14,1485222575,1485222583,8
Integral,1048576,15,1485222583,1485222591,8
Integral,1048576,16,1485222591,1485222599,8
Integral,1048576,1,1485222599,1485222607,8
Integral,1048576,2,1485222607,1485222615,8
Integral,1048576,3,1485222615,1485222623,8
Integral,1048576,4,1485222623,1485222631,8
Integral,1048576,5,1485222631,1485222639,8
Integral,1048576,6,1485222639,1485222647,8
Integral,1048576,7,1485222647,1485222655,8
Integral,1048576,8,1485222655,1485222663,8
Integral,1048576,9,1485222663,1485222671,8
Integral,1048576,10,1485222671,1485222679,8
Integral,1048576,11,1485222679,1485222687,8
Integral,1048576,12,1485222687,1485222695,8
Integral,1048576,13,1485222695,1485222703,8
Integral,1048576,14,1485222703,1485222711,8
Integral,1048576,15,1485222711,1485222719,8
Integral,1048576,16,1485222719,1485222727,8
Integral,1048576,1,1485222727,1485222735,8
Integral,1048576,2,1485222735,1485222743,8
Integral,1048576,3,1485222743,1485222751,8
Integral,1048576,4,1485222751,1485222760,9
Integral,1048576,5,1485222760,1485222768,8
Integral,1048576,6,1485222768,1485222775,7
Integral,1048576,7,1485222775,1485222784,9
Integral,1048576,8,1485222784,1485222792,8
Integral,1048576,9,1485222792,1485222799,7
Integral,1048576,10,1485222799,1485222808,9
Integral,1048576,11,1485222808,1485222815,7
Integral,1048576,12,1485222815,1485222823,8
Integral,1048576,13,1485222823,1485222831,8
Integral,1048576,14,1485222831,1485222839,8
Integral,1048576,15,1485222839,1485222847,8
Integral,1048576,16,1485222847,1485222855,8
Integral,1048576,1,1485222855,1485222863,8
Integral,1048576,2,1485222863,1485222871,8
Integral,1048576,3,1485222871,1485222879,8
Integral,1048576,4,1485222879,1485222887,8
Integral,1048576,5,1485222887,1485222895,8
Integral,1048576,6,1485222895,1485222903,8
Integral,1048576,7,1485222903,1485222911,8
Integral,1048576,8,1485222911,1485222919,8
Integral,1048576,9,1485222919,1485222927,8
Integral,1048576,10,1485222927,1485222935,8
Integral,1048576,11,1485222935,1485222943,8
Integral,1048576,12,1485222943,1485222951,8
Integral,1048576,13,1485222951,1485222959,8
Integral,1048576,14,1485222959,1485222966,7
Integral,1048576,15,1485222966,1485222975,9
Integral,1048576,16,1485222975,1485222982,7
Integral,1048576,1,1485222982,1485222991,9
Integral,1048576,2,1485222991,1485222999,8
Integral,1048576,3,1485222999,1485223007,8
Integral,1048576,4,1485223007,1485223015,8
Integral,1048576,5,1485223015,1485223023,8
Integral,1048576,6,1485223023,1485223031,8
Integral,1048576,7,1485223031,1485223039,8
Integral,1048576,8,1485223039,1485223047,8
Integral,1048576,9,1485223047,1485223055,8
Integral,1048576,10,1485223055,1485223063,8
Integral,1048576,11,1485223063,1485223071,8
Integral,1048576,12,1485223071,1485223079,8
Integral,1048576,13,1485223079,1485223087,8
Integral,1048576,14,1485223087,1485223095,8
Integral,1048576,15,1485223095,1485223103,8
Integral,1048576,16,1485223103,1485223110,7
Integral,2097152,1,1485223110,1485223118,8
Integral,2097152,2,1485223118,1485223126,8
Integral,2097152,3,1485223126,1485223134,8
Integral,2097152,4,1485223134,1485223142,8
Integral,2097152,5,1485223142,1485223150,8
Integral,2097152,6,1485223150,1485223158,8
Integral,2097152,7,1485223158,1485223166,8
Integral,2097152,8,1485223166,1485223174,8
Integral,2097152,9,1485223174,1485223182,8
Integral,2097152,10,1485223182,1485223190,8
Integral,2097152,11,1485223190,1485223197,7
Integral,2097152,12,1485223197,1485223207,10
Integral,2097152,13,1485223207,1485223215,8
Integral,2097152,14,1485223215,1485223224,9
Integral,2097152,15,1485223224,1485223232,8
Integral,2097152,16,1485223232,1485223240,8
Integral,2097152,1,1485223240,1485223248,8
Integral,2097152,2,1485223248,1485223256,8
Integral,2097152,3,1485223256,1485223264,8
Integral,2097152,4,1485223264,1485223272,8
Integral,2097152,5,1485223272,1485223280,8
Integral,2097152,6,1485223280,1485223288,8
Integral,2097152,7,1485223288,1485223297,9
Integral,2097152,8,1485223297,1485223304,7
Integral,2097152,9,1485223304,1485223312,8
Integral,2097152,10,1485223312,1485223320,8
Integral,2097152,11,1485223320,1485223328,8
Integral,2097152,12,1485223328,1485223336,8
Integral,2097152,13,1485223336,1485223344,8
Integral,2097152,14,1485223344,1485223352,8
Integral,2097152,15,1485223352,1485223360,8
Integral,2097152,16,1485223360,1485223368,8
Integral,2097152,1,1485223368,1485223376,8
Integral,2097152,2,1485223376,1485223384,8
Integral,2097152,3,1485223384,1485223392,8
Integral,2097152,4,1485223392,1485223400,8
Integral,2097152,5,1485223400,1485223408,8
Integral,2097152,6,1485223408,1485223416,8
Integral,2097152,7,1485223416,1485223424,8
Integral,2097152,8,1485223424,1485223431,7
Integral,2097152,9,1485223431,1485223439,8
Integral,2097152,10,1485223439,1485223447,8
Integral,2097152,11,1485223447,1485223455,8
Integral,2097152,12,1485223455,1485223463,8
Integral,2097152,13,1485223463,1485223471,8
Integral,2097152,14,1485223471,1485223479,8
Integral,2097152,15,1485223479,1485223487,8
Integral,2097152,16,1485223487,1485223495,8
Integral,2097152,1,1485223495,1485223503,8
Integral,2097152,2,1485223503,1485223512,9
Integral,2097152,3,1485223512,1485223519,7
Integral,2097152,4,1485223519,1485223528,9
Integral,2097152,5,1485223528,1485223536,8
Integral,2097152,6,1485223536,1485223543,7
Integral,2097152,7,1485223543,1485223551,8
Integral,2097152,8,1485223551,1485223559,8
Integral,2097152,9,1485223559,1485223567,8
Integral,2097152,10,1485223567,1485223575,8
Integral,2097152,11,1485223575,1485223584,9
Integral,2097152,12,1485223584,1485223592,8
Integral,2097152,13,1485223592,1485223599,7
Integral,2097152,14,1485223599,1485223607,8
Integral,2097152,15,1485223607,1485223615,8
Integral,2097152,16,1485223615,1485223623,8
Integral,2097152,1,1485223623,1485223631,8
Integral,2097152,2,1485223631,1485223639,8
Integral,2097152,3,1485223639,1485223647,8
Integral,2097152,4,1485223647,1485223655,8
Integral,2097152,5,1485223655,1485223663,8
Integral,2097152,6,1485223663,1485223671,8
Integral,2097152,7,1485223671,1485223679,8
Integral,2097152,8,1485223679,1485223687,8
Integral,2097152,9,1485223687,1485223695,8
Integral,2097152,10,1485223695,1485223703,8
Integral,2097152,11,1485223703,1485223710,7
Integral,2097152,12,1485223710,1485223718,8
Integral,2097152,13,1485223718,1485223727,9
Integral,2097152,14,1485223727,1485223735,8
Integral,2097152,15,1485223735,1485223743,8
Integral,2097152,16,1485223743,1485223751,8
Integral,4194304,1,1485223751,1485223759,8
Integral,4194304,2,1485223759,1485223767,8
Integral,4194304,3,1485223767,1485223775,8
Integral,4194304,4,1485223775,1485223783,8
Integral,4194304,5,1485223783,1485223791,8
Integral,4194304,6,1485223791,1485223799,8
Integral,4194304,7,1485223799,1485223808,9
Integral,4194304,8,1485223808,1485223816,8
Integral,4194304,9,1485223816,1485223824,8
Integral,4194304,10,1485223824,1485223832,8
Integral,4194304,11,1485223832,1485223840,8
Integral,4194304,12,1485223840,1485223848,8
Integral,4194304,13,1485223848,1485223856,8
Integral,4194304,14,1485223856,1485223864,8
Integral,4194304,15,1485223864,1485223872,8
Integral,4194304,16,1485223872,1485223880,8
Integral,4194304,1,1485223880,1485223888,8
Integral,4194304,2,1485223888,1485223896,8
Integral,4194304,3,1485223896,1485223904,8
Integral,4194304,4,1485223904,1485223912,8
Integral,4194304,5,1485223912,1485223920,8
Integral,4194304,6,1485223920,1485223928,8
Integral,4194304,7,1485223928,1485223936,8
Integral,4194304,8,1485223936,1485223944,8
Integral,4194304,9,1485223944,1485223952,8
Integral,4194304,10,1485223952,1485223960,8
Integral,4194304,11,1485223960,1485223968,8
Integral,4194304,12,1485223968,1485223976,8
Integral,4194304,13,1485223976,1485223984,8
Integral,4194304,14,1485223984,1485223992,8
Integral,4194304,15,1485223992,1485224000,8
Integral,4194304,16,1485224000,1485224008,8
Integral,4194304,1,1485224008,1485224016,8
Integral,4194304,2,1485224016,1485224024,8
Integral,4194304,3,1485224024,1485224032,8
Integral,4194304,4,1485224032,1485224040,8
Integral,4194304,5,1485224040,1485224048,8
Integral,4194304,6,1485224048,1485224056,8
Integral,4194304,7,1485224056,1485224064,8
Integral,4194304,8,1485224064,1485224072,8
Integral,4194304,9,1485224072,1485224080,8
Integral,4194304,10,1485224080,1485224087,7
Integral,4194304,11,1485224087,1485224095,8
Integral,4194304,12,1485224095,1485224104,9
Integral,4194304,13,1485224104,1485224112,8
Integral,4194304,14,1485224112,1485224120,8
Integral,4194304,15,1485224120,1485224128,8
Integral,4194304,16,1485224128,1485224136,8
Integral,4194304,1,1485224136,1485224144,8
Integral,4194304,2,1485224144,1485224152,8
Integral,4194304,3,1485224152,1485224160,8
Integral,4194304,4,1485224160,1485224168,8
Integral,4194304,5,1485224168,1485224176,8
Integral,4194304,6,1485224176,1485224184,8
Integral,4194304,7,1485224184,1485224192,8
Integral,4194304,8,1485224192,1485224200,8
Integral,4194304,9,1485224200,1485224208,8
Integral,4194304,10,1485224208,1485224216,8
Integral,4194304,11,1485224216,1485224224,8
Integral,4194304,12,1485224224,1485224232,8
Integral,4194304,13,1485224232,1485224240,8
Integral,4194304,14,1485224240,1485224248,8
Integral,4194304,15,1485224248,1485224256,8
Integral,4194304,16,1485224256,1485224264,8
Integral,4194304,1,1485224264,1485224272,8
Integral,4194304,2,1485224272,1485224280,8
Integral,4194304,3,1485224280,1485224288,8
Integral,4194304,4,1485224288,1485224296,8
Integral,4194304,5,1485224296,1485224303,7
Integral,4194304,6,1485224303,1485224312,9
Integral,4194304,7,1485224312,1485224319,7
Integral,4194304,8,1485224319,1485224327,8
Integral,4194304,9,1485224327,1485224335,8
Integral,4194304,10,1485224335,1485224343,8
Integral,4194304,11,1485224343,1485224352,9
Integral,4194304,12,1485224352,1485224360,8
Integral,4194304,13,1485224360,1485224368,8
Integral,4194304,14,1485224368,1485224376,8
Integral,4194304,15,1485224376,1485224384,8
Integral,4194304,16,1485224384,1485224392,8
Integral,8388608,1,1485224392,1485224400,8
Integral,8388608,2,1485224400,1485224409,9
Integral,8388608,3,1485224409,1485224417,8
Integral,8388608,4,1485224417,1485224425,8
Integral,8388608,5,1485224425,1485224433,8
Integral,8388608,6,1485224433,1485224441,8
Integral,8388608,7,1485224441,1485224449,8
Integral,8388608,8,1485224449,1485224457,8
Integral,8388608,9,1485224457,1485224466,9
Integral,8388608,10,1485224466,1485224474,8
Integral,8388608,11,1485224474,1485224482,8
Integral,8388608,12,1485224482,1485224490,8
Integral,8388608,13,1485224490,1485224498,8
Integral,8388608,14,1485224498,1485224506,8
Integral,8388608,15,1485224506,1485224514,8
Integral,8388608,16,1485224514,1485224522,8
Integral,8388608,1,1485224522,1485224530,8
Integral,8388608,2,1485224530,1485224538,8
Integral,8388608,3,1485224538,1485224546,8
Integral,8388608,4,1485224546,1485224555,9
Integral,8388608,5,1485224555,1485224563,8
Integral,8388608,6,1485224563,1485224571,8
Integral,8388608,7,1485224571,1485224579,8
Integral,8388608,8,1485224579,1485224587,8
Integral,8388608,9,1485224587,1485224595,8
Integral,8388608,10,1485224595,1485224603,8
Integral,8388608,11,1485224603,1485224611,8
Integral,8388608,12,1485224611,1485224619,8
Integral,8388608,13,1485224619,1485224627,8
Integral,8388608,14,1485224627,1485224635,8
Integral,8388608,15,1485224635,1485224643,8
Integral,8388608,16,1485224643,1485224651,8
Integral,8388608,1,1485224651,1485224659,8
Integral,8388608,2,1485224659,1485224668,9
Integral,8388608,3,1485224668,1485224676,8
Integral,8388608,4,1485224676,1485224684,8
Integral,8388608,5,1485224684,1485224692,8
Integral,8388608,6,1485224692,1485224700,8
Integral,8388608,7,1485224700,1485224708,8
Integral,8388608,8,1485224708,1485224716,8
Integral,8388608,9,1485224716,1485224724,8
Integral,8388608,10,1485224724,1485224733,9
Integral,8388608,11,1485224733,1485224741,8
Integral,8388608,12,1485224741,1485224748,7
Integral,8388608,13,1485224748,1485224756,8
Integral,8388608,14,1485224756,1485224765,9
Integral,8388608,15,1485224765,1485224773,8
Integral,8388608,16,1485224773,1485224781,8
Integral,8388608,1,1485224781,1485224789,8
Integral,8388608,2,1485224789,1485224797,8
Integral,8388608,3,1485224797,1485224805,8
Integral,8388608,4,1485224805,1485224813,8
Integral,8388608,5,1485224813,1485224822,9
Integral,8388608,6,1485224822,1485224830,8
Integral,8388608,7,1485224830,1485224838,8
Integral,8388608,8,1485224838,1485224846,8
Integral,8388608,9,1485224846,1485224855,9
Integral,8388608,10,1485224855,1485224863,8
Integral,8388608,11,1485224863,1485224871,8
Integral,8388608,12,1485224871,1485224879,8
Integral,8388608,13,1485224879,1485224887,8
Integral,8388608,14,1485224887,1485224895,8
Integral,8388608,15,1485224895,1485224903,8
Integral,8388608,16,1485224903,1485224911,8
Integral,8388608,1,1485224911,1485224919,8
Integral,8388608,2,1485224919,1485224927,8
Integral,8388608,3,1485224927,1485224935,8
Integral,8388608,4,1485224935,1485224944,9
Integral,8388608,5,1485224944,1485224952,8
Integral,8388608,6,1485224952,1485224960,8
Integral,8388608,7,1485224960,1485224968,8
Integral,8388608,8,1485224968,1485224976,8
Integral,8388608,9,1485224976,1485224984,8
Integral,8388608,10,1485224984,1485224992,8
Integral,8388608,11,1485224992,1485225000,8
Integral,8388608,12,1485225000,1485225009,9
Integral,8388608,13,1485225009,1485225017,8
Integral,8388608,14,1485225017,1485225025,8
Integral,8388608,15,1485225025,1485225033,8
Integral,8388608,16,1485225033,1485225041,8
Integral,16777216,1,1485225041,1485225050,9
Integral,16777216,2,1485225050,1485225058,8
Integral,16777216,3,1485225058,1485225066,8
Integral,16777216,4,1485225066,1485225075,9
Integral,16777216,5,1485225075,1485225083,8
Integral,16777216,6,1485225083,1485225091,8
Integral,16777216,7,1485225091,1485225099,8
Integral,16777216,8,1485225099,1485225108,9
Integral,16777216,9,1485225108,1485225116,8
Integral,16777216,10,1485225116,1485225124,8
Integral,16777216,11,1485225124,1485225133,9
Integral,16777216,12,1485225133,1485225141,8
Integral,16777216,13,1485225141,1485225150,9
Integral,16777216,14,1485225150,1485225158,8
Integral,16777216,15,1485225158,1485225166,8
Integral,16777216,16,1485225166,1485225175,9
Integral,16777216,1,1485225175,1485225184,9
Integral,16777216,2,1485225184,1485225192,8
Integral,16777216,3,1485225192,1485225201,9
Integral,16777216,4,1485225201,1485225209,8
Integral,16777216,5,1485225209,1485225217,8
Integral,16777216,6,1485225217,1485225225,8
Integral,16777216,7,1485225225,1485225234,9
Integral,16777216,8,1485225234,1485225242,8
Integral,16777216,9,1485225242,1485225250,8
Integral,16777216,10,1485225250,1485225258,8
Integral,16777216,11,1485225258,1485225267,9
Integral,16777216,12,1485225267,1485225275,8
Integral,16777216,13,1485225275,1485225283,8
Integral,16777216,14,1485225283,1485225291,8
Integral,16777216,15,1485225291,1485225300,9
Integral,16777216,16,1485225300,1485225308,8
Integral,16777216,1,1485225308,1485225316,8
Integral,16777216,2,1485225316,1485225325,9
Integral,16777216,3,1485225325,1485225333,8
Integral,16777216,4,1485225333,1485225341,8
Integral,16777216,5,1485225341,1485225349,8
Integral,16777216,6,1485225349,1485225358,9
Integral,16777216,7,1485225358,1485225366,8
Integral,16777216,8,1485225366,1485225374,8
Integral,16777216,9,1485225374,1485225383,9
Integral,16777216,10,1485225383,1485225391,8
Integral,16777216,11,1485225391,1485225399,8
Integral,16777216,12,1485225399,1485225407,8
Integral,16777216,13,1485225407,1485225416,9
Integral,16777216,14,1485225416,1485225424,8
Integral,16777216,15,1485225424,1485225433,9
Integral,16777216,16,1485225433,1485225441,8
Integral,16777216,1,1485225441,1485225449,8
Integral,16777216,2,1485225449,1485225458,9
Integral,16777216,3,1485225458,1485225466,8
Integral,16777216,4,1485225466,1485225474,8
Integral,16777216,5,1485225474,1485225483,9
Integral,16777216,6,1485225483,1485225491,8
Integral,16777216,7,1485225491,1485225500,9
Integral,16777216,8,1485225500,1485225508,8
Integral,16777216,9,1485225508,1485225517,9
Integral,16777216,10,1485225517,1485225525,8
Integral,16777216,11,1485225525,1485225534,9
Integral,16777216,12,1485225534,1485225542,8
Integral,16777216,13,1485225542,1485225551,9
Integral,16777216,14,1485225551,1485225559,8
Integral,16777216,15,1485225559,1485225567,8
Integral,16777216,16,1485225567,1485225576,9
Integral,16777216,1,1485225576,1485225584,8
Integral,16777216,2,1485225584,1485225592,8
Integral,16777216,3,1485225592,1485225601,9
Integral,16777216,4,1485225601,1485225610,9
Integral,16777216,5,1485225610,1485225619,9
Integral,16777216,6,1485225619,1485225628,9
Integral,16777216,7,1485225628,1485225637,9
Integral,16777216,8,1485225637,1485225645,8
Integral,16777216,9,1485225645,1485225654,9
Integral,16777216,10,1485225654,1485225662,8
Integral,16777216,11,1485225662,1485225671,9
Integral,16777216,12,1485225671,1485225679,8
Integral,16777216,13,1485225679,1485225688,9
Integral,16777216,14,1485225688,1485225697,9
Integral,16777216,15,1485225697,1485225705,8
Integral,16777216,16,1485225705,1485225713,8
Integral,33554432,1,1485225713,1485225723,10
Integral,33554432,2,1485225723,1485225732,9
Integral,33554432,3,1485225732,1485225741,9
Integral,33554432,4,1485225741,1485225749,8
Integral,33554432,5,1485225749,1485225758,9
Integral,33554432,6,1485225758,1485225767,9
Integral,33554432,7,1485225767,1485225776,9
Integral,33554432,8,1485225776,1485225785,9
Integral,33554432,9,1485225785,1485225794,9
Integral,33554432,10,1485225794,1485225803,9
Integral,33554432,11,1485225803,1485225812,9
Integral,33554432,12,1485225812,1485225820,8
Integral,33554432,13,1485225820,1485225829,9
Integral,33554432,14,1485225829,1485225838,9
Integral,33554432,15,1485225838,1485225847,9
Integral,33554432,16,1485225847,1485225855,8
Integral,33554432,1,1485225855,1485225864,9
Integral,33554432,2,1485225864,1485225873,9
Integral,33554432,3,1485225873,1485225881,8
Integral,33554432,4,1485225881,1485225890,9
Integral,33554432,5,1485225890,1485225899,9
Integral,33554432,6,1485225899,1485225908,9
Integral,33554432,7,1485225908,1485225917,9
Integral,33554432,8,1485225917,1485225926,9
Integral,33554432,9,1485225926,1485225934,8
Integral,33554432,10,1485225934,1485225943,9
Integral,33554432,11,1485225943,1485225952,9
Integral,33554432,12,1485225952,1485225961,9
Integral,33554432,13,1485225961,1485225969,8
Integral,33554432,14,1485225969,1485225978,9
Integral,33554432,15,1485225978,1485225986,8
Integral,33554432,16,1485225986,1485225995,9
Integral,33554432,1,1485225995,1485226003,8
Integral,33554432,2,1485226003,1485226012,9
Integral,33554432,3,1485226012,1485226021,9
Integral,33554432,4,1485226021,1485226029,8
Integral,33554432,5,1485226029,1485226038,9
Integral,33554432,6,1485226038,1485226047,9
Integral,33554432,7,1485226047,1485226056,9
Integral,33554432,8,1485226056,1485226065,9
Integral,33554432,9,1485226065,1485226073,8
Integral,33554432,10,1485226073,1485226082,9
Integral,33554432,11,1485226082,1485226091,9
Integral,33554432,12,1485226091,1485226099,8
Integral,33554432,13,1485226099,1485226108,9
Integral,33554432,14,1485226108,1485226117,9
Integral,33554432,15,1485226117,1485226126,9
Integral,33554432,16,1485226126,1485226135,9
Integral,33554432,1,1485226135,1485226144,9
Integral,33554432,2,1485226144,1485226153,9
Integral,33554432,3,1485226153,1485226162,9
Integral,33554432,4,1485226162,1485226170,8
Integral,33554432,5,1485226170,1485226179,9
Integral,33554432,6,1485226179,1485226188,9
Integral,33554432,7,1485226188,1485226197,9
Integral,33554432,8,1485226197,1485226206,9
Integral,33554432,9,1485226206,1485226214,8
Integral,33554432,10,1485226214,1485226223,9
Integral,33554432,11,1485226223,1485226231,8
Integral,33554432,12,1485226231,1485226240,9
Integral,33554432,13,1485226240,1485226248,8
Integral,33554432,14,1485226248,1485226257,9
Integral,33554432,15,1485226257,1485226266,9
Integral,33554432,16,1485226266,1485226275,9
Integral,33554432,1,1485226275,1485226284,9
Integral,33554432,2,1485226284,1485226292,8
Integral,33554432,3,1485226292,1485226301,9
Integral,33554432,4,1485226301,1485226310,9
Integral,33554432,5,1485226310,1485226318,8
Integral,33554432,6,1485226318,1485226327,9
Integral,33554432,7,1485226327,1485226335,8
Integral,33554432,8,1485226335,1485226344,9
Integral,33554432,9,1485226344,1485226353,9
Integral,33554432,10,1485226353,1485226361,8
Integral,33554432,11,1485226361,1485226370,9
Integral,33554432,12,1485226370,1485226378,8
Integral,33554432,13,1485226378,1485226387,9
Integral,33554432,14,1485226387,1485226396,9
Integral,33554432,15,1485226396,1485226405,9
Integral,33554432,16,1485226405,1485226413,8
Integral,67108864,1,1485226413,1485226423,10
Integral,67108864,2,1485226423,1485226433,10
Integral,67108864,3,1485226433,1485226443,10
Integral,67108864,4,1485226443,1485226453,10
Integral,67108864,5,1485226453,1485226462,9
Integral,67108864,6,1485226462,1485226471,9
Integral,67108864,7,1485226471,1485226481,10
Integral,67108864,8,1485226481,1485226490,9
Integral,67108864,9,1485226490,1485226500,10
Integral,67108864,10,1485226500,1485226510,10
Integral,67108864,11,1485226510,1485226519,9
Integral,67108864,12,1485226519,1485226529,10
Integral,67108864,13,1485226529,1485226538,9
Integral,67108864,14,1485226538,1485226547,9
Integral,67108864,15,1485226547,1485226556,9
Integral,67108864,16,1485226556,1485226566,10
Integral,67108864,1,1485226566,1485226575,9
Integral,67108864,2,1485226575,1485226585,10
Integral,67108864,3,1485226585,1485226594,9
Integral,67108864,4,1485226594,1485226604,10
Integral,67108864,5,1485226604,1485226614,10
Integral,67108864,6,1485226614,1485226624,10
Integral,67108864,7,1485226624,1485226633,9
Integral,67108864,8,1485226633,1485226643,10
Integral,67108864,9,1485226643,1485226652,9
Integral,67108864,10,1485226652,1485226661,9
Integral,67108864,11,1485226661,1485226671,10
Integral,67108864,12,1485226671,1485226680,9
Integral,67108864,13,1485226680,1485226690,10
Integral,67108864,14,1485226690,1485226700,10
Integral,67108864,15,1485226700,1485226710,10
Integral,67108864,16,1485226710,1485226720,10
Integral,67108864,1,1485226720,1485226729,9
Integral,67108864,2,1485226729,1485226739,10
Integral,67108864,3,1485226739,1485226749,10
Integral,67108864,4,1485226749,1485226758,9
Integral,67108864,5,1485226758,1485226767,9
Integral,67108864,6,1485226767,1485226776,9
Integral,67108864,7,1485226776,1485226785,9
Integral,67108864,8,1485226785,1485226795,10
Integral,67108864,9,1485226795,1485226807,12
Integral,67108864,10,1485226807,1485226817,10
Integral,67108864,11,1485226817,1485226827,10
Integral,67108864,12,1485226827,1485226837,10
Integral,67108864,13,1485226837,1485226847,10
Integral,67108864,14,1485226847,1485226857,10
Integral,67108864,15,1485226857,1485226867,10
Integral,67108864,16,1485226867,1485226877,10
Integral,67108864,1,1485226877,1485226886,9
Integral,67108864,2,1485226886,1485226896,10
Integral,67108864,3,1485226896,1485226905,9
Integral,67108864,4,1485226905,1485226914,9
Integral,67108864,5,1485226914,1485226924,10
Integral,67108864,6,1485226924,1485226934,10
Integral,67108864,7,1485226934,1485226943,9
Integral,67108864,8,1485226943,1485226953,10
Integral,67108864,9,1485226953,1485226963,10
Integral,67108864,10,1485226963,1485226972,9
Integral,67108864,11,1485226972,1485226982,10
Integral,67108864,12,1485226982,1485226992,10
Integral,67108864,13,1485226992,1485227001,9
Integral,67108864,14,1485227001,1485227011,10
Integral,67108864,15,1485227011,1485227020,9
Integral,67108864,16,1485227020,1485227030,10
Integral,67108864,1,1485227030,1485227040,10
Integral,67108864,2,1485227040,1485227050,10
Integral,67108864,3,1485227050,1485227059,9
Integral,67108864,4,1485227059,1485227069,10
Integral,67108864,5,1485227069,1485227079,10
Integral,67108864,6,1485227079,1485227088,9
Integral,67108864,7,1485227088,1485227098,10
Integral,67108864,8,1485227098,1485227108,10
Integral,67108864,9,1485227108,1485227117,9
Integral,67108864,10,1485227117,1485227127,10
Integral,67108864,11,1485227127,1485227136,9
Integral,67108864,12,1485227136,1485227145,9
Integral,67108864,13,1485227145,1485227155,10
Integral,67108864,14,1485227155,1485227166,11
Integral,67108864,15,1485227166,1485227175,9
Integral,67108864,16,1485227175,1485227185,10
Integral,134217728,1,1485227185,1485227195,10
Integral,134217728,2,1485227195,1485227205,10
Integral,134217728,3,1485227205,1485227217,12
Integral,134217728,4,1485227217,1485227228,11
Integral,134217728,5,1485227228,1485227240,12
Integral,134217728,6,1485227240,1485227252,12
Integral,134217728,7,1485227252,1485227264,12
Integral,134217728,8,1485227264,1485227276,12
Integral,134217728,9,1485227276,1485227288,12
Integral,134217728,10,1485227288,1485227298,10
Integral,134217728,11,1485227298,1485227310,12
Integral,134217728,12,1485227310,1485227320,10
Integral,134217728,13,1485227320,1485227331,11
Integral,134217728,14,1485227331,1485227343,12
Integral,134217728,15,1485227343,1485227354,11
Integral,134217728,16,1485227354,1485227365,11
Integral,134217728,1,1485227365,1485227377,12
Integral,134217728,2,1485227377,1485227387,10
Integral,134217728,3,1485227387,1485227399,12
Integral,134217728,4,1485227399,1485227410,11
Integral,134217728,5,1485227410,1485227421,11
Integral,134217728,6,1485227421,1485227433,12
Integral,134217728,7,1485227433,1485227445,12
Integral,134217728,8,1485227445,1485227456,11
Integral,134217728,9,1485227456,1485227468,12
Integral,134217728,10,1485227468,1485227480,12
Integral,134217728,11,1485227480,1485227492,12
Integral,134217728,12,1485227492,1485227503,11
Integral,134217728,13,1485227503,1485227515,12
Integral,134217728,14,1485227515,1485227527,12
Integral,134217728,15,1485227527,1485227538,11
Integral,134217728,16,1485227538,1485227549,11
Integral,134217728,1,1485227549,1485227560,11
Integral,134217728,2,1485227560,1485227572,12
Integral,134217728,3,1485227572,1485227584,12
Integral,134217728,4,1485227584,1485227595,11
Integral,134217728,5,1485227595,1485227607,12
Integral,134217728,6,1485227607,1485227617,10
Integral,134217728,7,1485227617,1485227629,12
Integral,134217728,8,1485227629,1485227639,10
Integral,134217728,9,1485227639,1485227650,11
Integral,134217728,10,1485227650,1485227662,12
Integral,134217728,11,1485227662,1485227675,13
Integral,134217728,12,1485227675,1485227685,10
Integral,134217728,13,1485227685,1485227696,11
Integral,134217728,14,1485227696,1485227711,15
Integral,134217728,15,1485227711,1485227723,12
Integral,134217728,16,1485227723,1485227734,11
Integral,134217728,1,1485227734,1485227744,10
Integral,134217728,2,1485227744,1485227756,12
Integral,134217728,3,1485227756,1485227769,13
Integral,134217728,4,1485227769,1485227780,11
Integral,134217728,5,1485227780,1485227791,11
Integral,134217728,6,1485227791,1485227803,12
Integral,134217728,7,1485227803,1485227815,12
Integral,134217728,8,1485227815,1485227826,11
Integral,134217728,9,1485227826,1485227838,12
Integral,134217728,10,1485227838,1485227849,11
Integral,134217728,11,1485227849,1485227859,10
Integral,134217728,12,1485227859,1485227871,12
Integral,134217728,13,1485227871,1485227882,11
Integral,134217728,14,1485227882,1485227893,11
Integral,134217728,15,1485227893,1485227905,12
Integral,134217728,16,1485227905,1485227916,11
Integral,134217728,1,1485227916,1485227927,11
Integral,134217728,2,1485227927,1485227937,10
Integral,134217728,3,1485227937,1485227949,12
Integral,134217728,4,1485227949,1485227960,11
Integral,134217728,5,1485227960,1485227971,11
Integral,134217728,6,1485227971,1485227983,12
Integral,134217728,7,1485227983,1485227995,12
Integral,134217728,8,1485227995,1485228007,12
Integral,134217728,9,1485228007,1485228017,10
Integral,134217728,10,1485228017,1485228029,12
Integral,134217728,11,1485228029,1485228041,12
Integral,134217728,12,1485228041,1485228053,12
Integral,134217728,13,1485228053,1485228065,12
Integral,134217728,14,1485228065,1485228077,12
Integral,134217728,15,1485228077,1485228089,12
Integral,134217728,16,1485228089,1485228101,12
Integral,268435456,1,1485228101,1485228115,14
Integral,268435456,2,1485228115,1485228132,17
Integral,268435456,3,1485228132,1485228146,14
Integral,268435456,4,1485228146,1485228161,15
Integral,268435456,5,1485228161,1485228176,15
Integral,268435456,6,1485228176,1485228191,15
Integral,268435456,7,1485228191,1485228206,15
Integral,268435456,8,1485228206,1485228222,16
Integral,268435456,9,1485228222,1485228238,16
Integral,268435456,10,1485228238,1485228255,17
Integral,268435456,11,1485228255,1485228270,15
Integral,268435456,12,1485228270,1485228286,16
Integral,268435456,13,1485228286,1485228298,12
Integral,268435456,14,1485228298,1485228313,15
Integral,268435456,15,1485228313,1485228328,15
Integral,268435456,16,1485228328,1485228344,16
Integral,268435456,1,1485228344,1485228358,14
Integral,268435456,2,1485228358,1485228375,17
Integral,268435456,3,1485228375,1485228391,16
Integral,268435456,4,1485228391,1485228408,17
Integral,268435456,5,1485228408,1485228419,11
Integral,268435456,6,1485228419,1485228433,14
Integral,268435456,7,1485228433,1485228450,17
Integral,268435456,8,1485228450,1485228466,16
Integral,268435456,9,1485228466,1485228481,15
Integral,268435456,10,1485228481,1485228499,18
Integral,268435456,11,1485228499,1485228515,16
Integral,268435456,12,1485228515,1485228528,13
Integral,268435456,13,1485228528,1485228542,14
Integral,268435456,14,1485228542,1485228556,14
Integral,268435456,15,1485228556,1485228571,15
Integral,268435456,16,1485228571,1485228588,17
Integral,268435456,1,1485228588,1485228605,17
Integral,268435456,2,1485228605,1485228620,15
Integral,268435456,3,1485228620,1485228638,18
Integral,268435456,4,1485228638,1485228651,13
Integral,268435456,5,1485228651,1485228668,17
Integral,268435456,6,1485228668,1485228685,17
Integral,268435456,7,1485228685,1485228698,13
Integral,268435456,8,1485228698,1485228712,14
Integral,268435456,9,1485228712,1485228727,15
Integral,268435456,10,1485228727,1485228743,16
Integral,268435456,11,1485228743,1485228758,15
Integral,268435456,12,1485228758,1485228773,15
Integral,268435456,13,1485228773,1485228786,13
Integral,268435456,14,1485228786,1485228802,16
Integral,268435456,15,1485228802,1485228819,17
Integral,268435456,16,1485228819,1485228832,13
Integral,268435456,1,1485228832,1485228848,16
Integral,268435456,2,1485228848,1485228859,11
Integral,268435456,3,1485228859,1485228875,16
Integral,268435456,4,1485228875,1485228887,12
Integral,268435456,5,1485228887,1485228899,12
Integral,268435456,6,1485228899,1485228915,16
Integral,268435456,7,1485228915,1485228932,17
Integral,268435456,8,1485228932,1485228949,17
Integral,268435456,9,1485228949,1485228963,14
Integral,268435456,10,1485228963,1485228979,16
Integral,268435456,11,1485228979,1485228993,14
Integral,268435456,12,1485228993,1485229007,14
Integral,268435456,13,1485229007,1485229023,16
Integral,268435456,14,1485229023,1485229037,14
Integral,268435456,15,1485229037,1485229052,15
Integral,268435456,16,1485229052,1485229066,14
Integral,268435456,1,1485229066,1485229080,14
Integral,268435456,2,1485229080,1485229093,13
Integral,268435456,3,1485229093,1485229107,14
Integral,268435456,4,1485229107,1485229123,16
Integral,268435456,5,1485229123,1485229137,14
Integral,268435456,6,1485229137,1485229152,15
Integral,268435456,7,1485229152,1485229168,16
Integral,268435456,8,1485229168,1485229182,14
Integral,268435456,9,1485229182,1485229196,14
Integral,268435456,10,1485229196,1485229211,15
Integral,268435456,11,1485229211,1485229227,16
Integral,268435456,12,1485229227,1485229243,16
Integral,268435456,13,1485229243,1485229257,14
Integral,268435456,14,1485229257,1485229274,17
Integral,268435456,15,1485229274,1485229288,14
Integral,268435456,16,1485229288,1485229302,14
Integral,536870912,1,1485229302,1485229323,21
Integral,536870912,2,1485229323,1485229349,26
Integral,536870912,3,1485229349,1485229366,17
Integral,536870912,4,1485229366,1485229390,24
Integral,536870912,5,1485229390,1485229413,23
Integral,536870912,6,1485229413,1485229428,15
Integral,536870912,7,1485229428,1485229454,26
Integral,536870912,8,1485229454,1485229476,22
Integral,536870912,9,1485229476,1485229491,15
Integral,536870912,10,1485229491,1485229516,25
Integral,536870912,11,1485229516,1485229537,21
Integral,536870912,12,1485229537,1485229563,26
Integral,536870912,13,1485229563,1485229586,23
Integral,536870912,14,1485229586,1485229613,27
Integral,536870912,15,1485229613,1485229637,24
Integral,536870912,16,1485229637,1485229659,22
Integral,536870912,1,1485229659,1485229684,25
Integral,536870912,2,1485229684,1485229707,23
Integral,536870912,3,1485229707,1485229730,23
Integral,536870912,4,1485229730,1485229752,22
Integral,536870912,5,1485229752,1485229777,25
Integral,536870912,6,1485229777,1485229804,27
Integral,536870912,7,1485229804,1485229827,23
Integral,536870912,8,1485229827,1485229855,28
Integral,536870912,9,1485229855,1485229878,23
Integral,536870912,10,1485229878,1485229904,26
Integral,536870912,11,1485229904,1485229928,24
Integral,536870912,12,1485229928,1485229943,15
Integral,536870912,13,1485229943,1485229964,21
Integral,536870912,14,1485229964,1485229981,17
Integral,536870912,15,1485229981,1485230004,23
Integral,536870912,16,1485230004,1485230025,21
Integral,536870912,1,1485230025,1485230040,15
Integral,536870912,2,1485230040,1485230064,24
Integral,536870912,3,1485230064,1485230088,24
Integral,536870912,4,1485230088,1485230112,24
Integral,536870912,5,1485230112,1485230136,24
Integral,536870912,6,1485230136,1485230157,21
Integral,536870912,7,1485230157,1485230184,27
Integral,536870912,8,1485230184,1485230199,15
Integral,536870912,9,1485230199,1485230225,26
Integral,536870912,10,1485230225,1485230252,27
Integral,536870912,11,1485230252,1485230267,15
Integral,536870912,12,1485230267,1485230287,20
Integral,536870912,13,1485230287,1485230303,16
Integral,536870912,14,1485230303,1485230317,14
Integral,536870912,15,1485230317,1485230339,22
Integral,536870912,16,1485230339,1485230354,15
Integral,536870912,1,1485230354,1485230377,23
Integral,536870912,2,1485230377,1485230392,15
Integral,536870912,3,1485230392,1485230417,25
Integral,536870912,4,1485230417,1485230443,26
Integral,536870912,5,1485230443,1485230466,23
Integral,536870912,6,1485230466,1485230491,25
Integral,536870912,7,1485230491,1485230515,24
Integral,536870912,8,1485230515,1485230537,22
Integral,536870912,9,1485230537,1485230562,25
Integral,536870912,10,1485230562,1485230587,25
Integral,536870912,11,1485230587,1485230609,22
Integral,536870912,12,1485230609,1485230633,24
Integral,536870912,13,1485230633,1485230656,23
Integral,536870912,14,1485230656,1485230680,24
Integral,536870912,15,1485230680,1485230705,25
Integral,536870912,16,1485230705,1485230731,26
Integral,536870912,1,1485230731,1485230751,20
Integral,536870912,2,1485230751,1485230767,16
Integral,536870912,3,1485230767,1485230794,27
Integral,536870912,4,1485230794,1485230820,26
Integral,536870912,5,1485230820,1485230847,27
Integral,536870912,6,1485230847,1485230866,19
Integral,536870912,7,1485230866,1485230883,17
Integral,536870912,8,1485230883,1485230905,22
Integral,536870912,9,1485230905,1485230933,28
Integral,536870912,10,1485230933,1485230959,26
Integral,536870912,11,1485230959,1485230976,17
Integral,536870912,12,1485230976,1485230991,15
Integral,536870912,13,1485230991,1485231017,26
Integral,536870912,14,1485231017,1485231037,20
Integral,536870912,15,1485231037,1485231059,22
Integral,536870912,16,1485231059,1485231081,22
